Día,Fecha,Casos Nuevos,Casos Nuevos Sin Síntomas,Casos Nuevos Con Síntomas,Casos Nuevos Sin Notificar,Recuperados Nuevos,Activos,Activos Probables,Fallecidos Nuevos,PCR Nuevos,Casos Acumulados,Recuperados Acumulados,Fallecidos Acumulados,PCR Acumulados,Tasa de Crecimiento,M.E por 100.000 habitantes,Tasa de Positividad (%),Residencias Cupos Totales,Residencias Usuarios,Residencias Totales,UCI COVID-19,UCI Habilitadas,UCI Ocupadas no COVID-19,UCI Ocupadas,UTI Ocupadas,UTI Totales,VMI COVID Confirmados,VMI Sospecha,VMI Ocupados,VMI Totales,RE Regional,RE Iquique,RE Tamarugal,Var. Casos Nuevos (%),Var. Recuperados (%),Var. Fallecidos Nuevos (%),Var. Activos Nuevos (%),Var. PCR Nuevos (%),Var. R. Usuarios Nuevos (%)
0.0,2020-03-03,0.0,0,0,0,0,0,0,0.0,0.0,0.0,0,0.0,0.0,0.0,0.0,0.0,0,0,0,0,0,0,0,0,0,0,0,0,0,0,0,0,0.0,0.0,0.0,0.0,0.0,0.0
0.0,2020-03-04,0.0,,0,,0,0,0,0.0,0.0,0.0,0,0.0,0.0,0.0,0.0,,0,0,0,,,,,,,,,,,,,,,,,,,
0.0,2020-03-05,0.0,,0,,0,0,0,0.0,0.0,0.0,0,0.0,0.0,0.0,0.0,,0,0,0,,,,,,,,,,,,,,0.0,0.0,0.0,0.0,0.0,0.0
0.0,2020-03-06,0.0,,0,,0,0,0,0.0,0.0,0.0,0,0.0,0.0,0.0,0.0,,0,0,0,,,,,,,,,,,,,,0.0,0.0,0.0,0.0,0.0,0.0
0.0,2020-03-07,0.0,,0,,0,0,0,0.0,0.0,0.0,0,0.0,0.0,0.0,0.0,,0,0,0,,,,,,,,,,,,,,0.0,0.0,0.0,0.0,0.0,0.0
0.0,2020-03-08,0.0,,0,,0,0,0,0.0,0.0,0.0,0,0.0,0.0,0.0,0.0,,0,0,0,,,,,,,,,,,3.05,3.03,4.49,0.0,0.0,0.0,0.0,0.0,0.0
0.0,2020-03-09,0.0,,0,,0,0,0,0.0,0.0,0.0,0,0.0,0.0,0.0,0.0,,0,0,0,,,,,,,,,,,2.68,2.65,4.17,0.0,0.0,0.0,0.0,0.0,0.0
0.0,2020-03-10,0.0,,0,,0,0,0,0.0,0.0,0.0,0,0.0,0.0,0.0,0.0,,0,0,0,,,,,,,,,,,2.47,2.4,3.87,0.0,0.0,0.0,0.0,0.0,0.0
0.0,2020-03-11,0.0,,0,,0,0,0,0.0,0.0,0.0,0,0.0,0.0,0.0,0.0,,0,0,0,,,,,,,,,,,2.2,2.15,3.8,0.0,0.0,0.0,0.0,0.0,0.0
0.0,2020-03-12,0.0,,0,,0,0,0,0.0,0.0,0.0,0,0.0,0.0,0.0,0.0,,0,0,0,,,,,,,,,,,1.99,2.01,3.6,0.0,0.0,0.0,0.0,0.0,0.0
0.0,2020-03-13,0.0,,0,,0,0,0,0.0,0.0,0.0,0,0.0,0.0,0.0,0.0,,0,0,0,,,,,,,,,,,1.84,1.85,3.39,0.0,0.0,0.0,0.0,0.0,0.0
0.0,2020-03-14,0.0,,0,,0,0,0,0.0,0.0,0.0,0,0.0,0.0,0.0,0.0,,0,0,0,,,,,,,,,,,1.72,1.7,3.26,0.0,0.0,0.0,0.0,0.0,0.0
0.0,2020-03-15,0.0,,0,,0,0,0,0.0,0.0,0.0,0,0.0,0.0,0.0,0.0,,0,0,0,,,,,,,,,,,1.71,1.61,3.09,0.0,0.0,0.0,0.0,0.0,0.0
0.0,2020-03-16,0.0,,0,,0,0,0,0.0,0.0,0.0,0,0.0,0.0,0.0,0.0,,0,0,0,,,,,,,,,,,1.76,1.67,3.17,0.0,0.0,0.0,0.0,0.0,0.0
0.0,2020-03-17,0.0,,0,,0,0,0,0.0,0.0,0.0,0,0.0,0.0,0.0,0.0,,0,0,0,,,,,,,,,,,1.8,1.66,3.09,0.0,0.0,0.0,0.0,0.0,0.0
0.0,2020-03-18,0.0,,0,,0,0,0,0.0,0.0,0.0,0,0.0,0.0,0.0,0.0,,0,0,0,,,,,,,,,,,1.85,1.66,3.23,0.0,0.0,0.0,0.0,0.0,0.0
0.0,2020-03-19,0.0,,0,,0,0,0,0.0,0.0,0.0,0,0.0,0.0,0.0,0.0,,0,0,0,,,,,,,,,,,1.82,1.67,3.04,0.0,0.0,0.0,0.0,0.0,0.0
0.0,2020-03-20,0.0,,0,,0,0,0,0.0,0.0,0.0,0,0.0,0.0,0.0,0.0,,0,0,0,,,,,,,,,,,1.81,1.62,3.13,0.0,0.0,0.0,0.0,0.0,0.0
0.0,2020-03-21,0.0,,0,,0,0,0,0.0,0.0,0.0,0,0.0,0.0,0.0,0.0,,0,0,0,,,,,,,,,,,1.79,1.58,2.98,0.0,0.0,0.0,0.0,0.0,0.0
0.0,2020-03-22,0.0,,0,,0,0,0,0.0,0.0,0.0,0,0.0,0.0,0.0,0.0,,0,0,0,,,,,,,,,,,1.72,1.55,2.93,0.0,0.0,0.0,0.0,0.0,0.0
1.0,2020-03-23,1.0,,1,,0,1,0,0.0,0.0,1.0,0,0.0,0.0,0.0,0.0,inf,0,0,0,,,,,,,,,,,1.69,1.6,3.08,0.0,0.0,0.0,0.0,0.0,0.0
2.0,2020-03-24,3.0,,3,,0,4,0,0.0,0.0,4.0,0,0.0,0.0,3.0,0.0,inf,0,0,0,,,,,,,,,,,1.62,1.6,2.91,200.0,0.0,0.0,0.0,0.0,0.0
3.0,2020-03-25,0.0,,0,,0,4,0,0.0,0.0,4.0,0,0.0,0.0,0.0,0.0,,0,0,0,,,,,,,,,,,1.58,1.57,2.8,-100.0,0.0,0.0,0.0,0.0,0.0
4.0,2020-03-26,1.0,,1,,0,5,0,0.0,0.0,5.0,0,0.0,0.0,0.0,0.0,inf,0,0,0,,,,,,,,,,,1.55,1.5,2.76,0.0,0.0,0.0,0.0,0.0,0.0
5.0,2020-03-27,0.0,,0,,0,5,0,0.0,0.0,5.0,0,0.0,0.0,0.0,0.0,,0,0,0,,,,,,,,,,,1.49,1.46,2.58,-100.0,0.0,0.0,0.0,0.0,0.0
6.0,2020-03-28,0.0,,0,,0,5,0,0.0,0.0,5.0,0,0.0,0.0,0.0,0.0,,0,0,0,,,,,,,,,,,1.47,1.43,2.5,0.0,0.0,0.0,0.0,0.0,0.0
7.0,2020-03-29,1.0,,1,,0,6,0,0.0,0.0,6.0,0,0.0,0.0,0.0,0.0,inf,0,0,0,,,,,,,,,,,1.41,1.38,2.3,0.0,0.0,0.0,0.0,0.0,0.0
8.0,2020-03-30,2.0,,2,,0,8,0,0.0,0.0,8.0,0,0.0,0.0,2.0,0.0,inf,0,0,0,,,,,,,,,,,1.46,1.39,2.46,100.0,0.0,0.0,0.0,0.0,0.0
9.0,2020-03-31,2.0,,2,,0,10,0,0.0,0.0,10.0,0,0.0,0.0,1.0,0.0,inf,0,0,0,,,,,,,,,,,1.51,1.37,2.42,0.0,0.0,0.0,0.0,0.0,0.0
10.0,2020-04-01,0.0,,0,,0,10,0,0.0,0.0,10.0,0,0.0,0.0,0.0,0.0,,0,0,0,1,,,,,,,,,,1.55,1.36,2.5,-100.0,0.0,0.0,0.0,0.0,0.0
11.0,2020-04-02,2.0,,2,,0,12,0,0.0,0.0,12.0,0,0.0,0.0,0.0,0.0,inf,0,0,0,1,,,,,,,,,,1.55,1.38,2.45,0.0,0.0,0.0,0.0,0.0,0.0
12.0,2020-04-03,1.0,,1,,0,13,0,0.0,0.0,13.0,0,0.0,0.0,0.5,0.0,inf,0,0,0,1,,,,,,,,,,1.57,1.38,2.49,-50.0,0.0,0.0,0.0,0.0,0.0
13.0,2020-04-04,4.0,,4,,0,17,0,0.0,0.0,17.0,0,0.0,0.0,4.0,0.0,inf,0,0,0,1,,,,,,,,,,1.56,1.37,2.24,300.0,0.0,0.0,0.0,0.0,0.0
14.0,2020-04-05,3.0,,3,,0,20,0,0.0,0.0,20.0,0,0.0,0.0,0.75,0.0,inf,0,0,0,1,,,,,,,,,,1.54,1.37,2.28,-25.0,0.0,0.0,0.0,0.0,0.0
15.0,2020-04-06,1.0,,1,,0,20,0,0.0,0.0,21.0,0,0.0,0.0,0.33,0.0,inf,0,0,0,2,,,,,,,,,,1.54,1.38,2.04,-66.67,0.0,0.0,0.0,0.0,0.0
16.0,2020-04-07,2.0,,2,,1,19,0,0.0,0.0,23.0,1,0.0,0.0,2.0,0.0,inf,0,0,0,2,,,,,,,,,,1.51,1.39,1.96,100.0,0.0,0.0,0.0,0.0,0.0
17.0,2020-04-08,3.0,,3,,3,22,0,0.0,0.0,26.0,4,0.0,0.0,1.5,0.0,inf,0,0,0,2,,,,,,,,,,1.43,1.37,1.75,50.0,0.0,0.0,0.0,0.0,0.0
18.0,2020-04-09,3.0,,3,,0,24,0,0.0,0.0,29.0,4,0.0,0.0,1.0,0.0,inf,0,0,0,2,,,,,,,,,,1.4,1.35,1.65,0.0,0.0,0.0,0.0,0.0,0.0
19.0,2020-04-10,6.0,,6,,1,30,0,0.0,0.0,35.0,5,0.0,0.0,2.0,0.0,inf,0,0,0,3,,,,,,,,,,1.33,1.33,1.48,100.0,0.0,0.0,0.0,0.0,0.0
20.0,2020-04-11,3.0,,3,,0,33,0,0.0,0.0,38.0,5,0.0,0.0,0.5,0.0,inf,0,0,0,3,,,,,,,,,,1.28,1.32,1.39,-50.0,0.0,0.0,0.0,0.0,0.0
21.0,2020-04-12,8.0,,8,,0,40,0,0.0,0.0,46.0,5,0.0,0.0,2.67,0.0,inf,0,0,0,2,,,,11.0,12.0,1.0,2.0,7.0,11.0,1.24,1.32,1.25,166.67,0.0,0.0,0.0,0.0,0.0
22.0,2020-04-13,6.0,,6,,1,44,0,0.0,0.0,52.0,6,0.0,0.0,0.75,0.0,inf,0,0,0,2,,,,9.0,12.0,0.0,2.0,6.0,11.0,1.25,1.38,1.23,-25.0,0.0,0.0,0.0,0.0,0.0
23.0,2020-04-14,10.0,,10,,2,52,0,0.0,0.0,62.0,8,0.0,0.0,1.67,0.0,inf,0,0,0,1,13,7,7,,,,,,,1.27,1.43,1.17,66.67,0.0,0.0,0.0,0.0,0.0
24.0,2020-04-15,0.0,,0,,2,52,0,0.0,0.0,62.0,10,0.0,0.0,0.0,0.0,,0,0,0,0,,,,10.0,12.0,0.0,0.0,3.0,11.0,1.32,1.46,1.15,-100.0,0.0,0.0,0.0,0.0,0.0
25.0,2020-04-16,4.0,,4,,0,54,0,0.0,0.0,66.0,10,0.0,0.0,0.0,0.0,inf,0,0,0,0,13,6,6,11.0,12.0,0.0,0.0,3.0,11.0,1.33,1.45,1.15,0.0,0.0,0.0,0.0,0.0,0.0
26.0,2020-04-17,7.0,,7,,2,60,0,0.0,0.0,73.0,12,0.0,0.0,1.75,0.0,inf,0,0,0,0,13,4,4,,,,,,,1.33,1.46,1.07,75.0,0.0,0.0,0.0,0.0,0.0
27.0,2020-04-18,8.0,,8,,1,64,0,0.0,60.0,81.0,13,0.0,60.0,1.14,0.0,13.0,0,0,0,0,15,5,6,6.0,12.0,1.0,0.0,4.0,11.0,1.33,1.44,1.02,14.29,0.0,0.0,0.0,0.0,0.0
28.0,2020-04-19,9.0,,9,,4,70,0,0.0,0.0,90.0,17,0.0,60.0,1.12,0.0,inf,0,0,0,1,15,4,5,6.0,12.0,1.0,0.0,2.0,11.0,1.32,1.44,0.98,12.5,0.0,0.0,0.0,-100.0,0.0
29.0,2020-04-20,3.0,,3,,3,72,0,0.0,0.0,93.0,20,0.0,60.0,0.33,0.0,inf,0,0,0,1,15,3,4,,,,,,,1.36,1.5,0.93,-66.67,0.0,0.0,0.0,0.0,0.0
30.0,2020-04-21,11.0,,11,,1,81,0,0.0,30.0,104.0,21,0.0,90.0,3.67,0.0,37.0,0,0,0,1,11,2,4,5.0,12.0,2.0,0.0,5.0,11.0,1.36,1.52,0.86,266.67,0.0,0.0,0.0,0.0,0.0
31.0,2020-04-22,10.0,,10,,2,88,0,0.0,59.0,114.0,23,0.0,149.0,0.91,0.0,17.0,0,0,0,2,12,4,6,5.0,12.0,2.0,0.0,5.0,11.0,1.33,1.5,0.83,-9.09,0.0,0.0,0.0,96.67,0.0
32.0,2020-04-23,14.0,,14,,3,99,0,0.0,30.0,128.0,26,0.0,179.0,1.4,0.0,47.0,0,0,0,2,11,4,6,8.0,12.0,1.0,0.0,3.0,11.0,1.31,1.48,0.77,40.0,0.0,0.0,0.0,-49.15,0.0
33.0,2020-04-24,6.0,,6,,3,99,0,0.0,203.0,134.0,29,0.0,382.0,0.43,0.0,3.0,0,0,0,2,11,2,5,,,,,,,1.32,1.47,0.82,-57.14,0.0,0.0,0.0,576.67,0.0
34.0,2020-04-25,9.0,,9,,6,104,0,1.0,118.0,143.0,35,1.0,500.0,1.5,0.0,8.0,0,0,0,3,11,5,7,,,,,,,1.34,1.47,0.88,50.0,0.0,0.0,0.0,-41.87,0.0
35.0,2020-04-26,13.0,,13,,3,109,0,0.0,58.0,156.0,38,1.0,558.0,1.44,0.0,22.0,0,0,0,2,11,4,6,,,,,,,1.4,1.5,0.94,44.44,0.0,-100.0,0.0,-50.85,0.0
36.0,2020-04-27,8.0,,8,,8,111,0,0.0,58.0,164.0,46,1.0,616.0,0.62,0.0,14.0,0,0,0,2,11,4,6,,,,,,,1.51,1.57,1.05,-38.46,0.0,0.0,0.0,0.0,0.0
37.0,2020-04-28,5.0,,5,,6,106,0,0.0,57.0,169.0,52,1.0,673.0,0.62,0.0,9.0,0,0,0,2,11,2,5,,,,,,,1.63,1.65,1.21,-37.5,0.0,0.0,0.0,-1.72,0.0
38.0,2020-04-29,14.0,0,14,0.0,10,120,0,0.0,111.0,183.0,62,1.0,784.0,2.8,0.0,13.0,0,0,0,3,11,3,5,10.0,12.0,2.0,0.0,3.0,11.0,1.62,1.61,1.35,180.0,0.0,0.0,0.0,94.74,0.0
39.0,2020-04-30,15.0,0,15,0.0,0,131,0,0.0,124.0,198.0,62,1.0,908.0,1.07,0.0,12.0,0,0,0,2,11,3,5,10.0,12.0,2.0,2.0,5.0,11.0,1.63,1.61,1.44,7.14,0.0,0.0,0.0,11.71,0.0
40.0,2020-05-01,2.0,2,0,0.0,4,126,0,0.0,8.0,200.0,66,1.0,916.0,0.13,0.0,25.0,0,0,0,2,12,4,6,7.0,12.0,1.0,2.0,5.0,11.0,1.66,1.64,1.54,-86.67,0.0,0.0,0.0,-93.55,0.0
41.0,2020-05-02,12.0,1,11,0.0,7,130,0,0.0,102.0,212.0,73,1.0,1018.0,6.0,0.0,12.0,0,0,0,2,12,2,6,10.0,12.0,3.0,0.0,5.0,11.0,1.66,1.65,1.53,500.0,0.0,0.0,0.0,1175.0,0.0
42.0,2020-05-03,60.0,6,54,0.0,8,181,0,0.0,90.0,272.0,81,1.0,1108.0,5.0,0.0,67.0,0,0,0,4,12,4,8,9.0,12.0,3.0,0.0,6.0,11.0,1.66,1.66,1.52,400.0,0.0,0.0,0.0,-11.76,0.0
43.0,2020-05-04,23.0,7,16,0.0,9,201,0,0.0,90.0,295.0,90,1.0,1198.0,0.38,0.0,26.0,0,0,0,4,12,2,7,,,,,,,1.66,1.67,1.47,-61.67,0.0,0.0,0.0,0.0,0.0
44.0,2020-05-05,27.0,13,14,0.0,3,217,0,0.0,123.0,322.0,93,1.0,1321.0,1.17,0.0,22.0,0,0,0,5,14,3,8,,,,,,,1.56,1.58,1.43,17.39,0.0,0.0,0.0,36.67,0.0
45.0,2020-05-06,17.0,4,13,0.0,11,224,0,0.0,53.0,339.0,104,1.0,1374.0,0.63,0.0,32.0,0,0,0,5,14,6,11,12.0,12.0,4.0,0.0,9.0,11.0,1.66,1.69,1.36,-37.04,0.0,0.0,0.0,-56.91,0.0
46.0,2020-05-07,78.0,40,38,0.0,10,288,0,0.0,221.0,417.0,114,1.0,1595.0,4.59,0.0,35.0,0,0,0,5,14,7,11,8.0,12.0,5.0,0.0,10.0,11.0,1.55,1.57,1.34,358.82,0.0,0.0,0.0,316.98,0.0
47.0,2020-05-08,42.0,37,5,0.0,14,324,0,0.0,169.0,459.0,128,1.0,1764.0,0.54,0.0,25.0,0,0,0,4,14,5,11,8.0,12.0,6.0,0.0,10.0,11.0,1.48,1.5,1.3,-46.15,0.0,0.0,0.0,-23.53,0.0
48.0,2020-05-09,26.0,1,25,0.0,6,342,0,0.0,184.0,485.0,134,1.0,1948.0,0.62,0.0,14.0,0,0,0,6,14,6,12,9.0,12.0,6.0,0.0,9.0,15.0,1.41,1.43,1.33,-38.1,0.0,0.0,0.0,8.88,0.0
49.0,2020-05-10,35.0,7,28,0.0,8,364,0,0.0,185.0,520.0,142,1.0,2133.0,1.35,0.0,19.0,0,0,0,6,14,3,10,,,,,,,1.36,1.38,1.31,34.62,0.0,0.0,0.0,0.54,0.0
50.0,2020-05-11,27.0,9,18,0.0,13,383,0,0.0,275.0,547.0,155,1.0,2408.0,0.77,0.0,10.0,0,0,0,7,14,2,11,,,,,,,1.4,1.4,1.48,-22.86,0.0,0.0,0.0,48.65,0.0
51.0,2020-05-12,31.0,8,23,0.0,8,409,0,0.0,274.0,578.0,163,1.0,2408.0,1.15,0.0,11.0,0,0,0,9,14,4,12,4.0,6.0,12.0,3.0,18.0,18.0,1.43,1.43,1.48,14.81,0.0,0.0,0.0,-0.36,0.0
52.0,2020-05-13,37.0,6,31,0.0,5,432,0,0.0,274.0,615.0,168,1.0,2414.0,1.19,0.0,13.5,0,0,0,8,21,11,20,6.0,6.0,11.0,2.0,18.0,18.0,1.37,1.37,1.53,19.35,0.0,0.0,0.0,-97.81,0.0
53.0,2020-05-14,67.0,16,51,0.0,14,484,0,0.0,274.0,682.0,182,1.0,2688.0,1.81,0.0,24.0,0,0,0,9,22,8,21,5.0,6.0,14.0,2.0,19.0,19.0,1.38,1.38,1.52,81.08,0.0,0.0,0.0,4466.67,0.0
54.0,2020-05-15,97.0,22,75,0.0,15,578,0,1.0,346.0,779.0,197,2.0,3034.0,1.45,1.0,28.0,0,0,0,13,22,8,21,6.0,11.0,13.0,2.0,20.0,23.0,1.43,1.43,1.51,44.78,0.0,0.0,0.0,26.28,0.0
55.0,2020-05-16,66.0,15,51,0.0,2,632,0,0.0,268.0,845.0,199,2.0,3302.0,0.68,1.0,25.0,0,0,0,13,23,9,21,9.0,11.0,12.0,2.0,21.0,23.0,1.42,1.41,1.5,-31.96,0.0,-100.0,0.0,-22.54,0.0
56.0,2020-05-17,130.0,22,108,0.0,12,700,0,2.0,374.0,975.0,211,4.0,3676.0,1.97,1.0,35.0,0,0,0,12,23,6,22,10.0,11.0,15.0,1.0,24.0,26.0,1.38,1.38,1.47,96.97,0.0,0.0,0.0,39.55,0.0
57.0,2020-05-18,81.0,8,73,0.0,60,758,0,0.0,284.0,1056.0,271,4.0,3960.0,0.62,1.0,29.0,0,0,0,16,29,4,22,11.0,11.0,18.0,1.0,26.0,26.0,1.35,1.35,1.56,-37.69,0.0,-100.0,0.0,-24.06,0.0
58.0,2020-05-19,53.0,13,40,0.0,23,784,0,0.0,269.0,1109.0,294,4.0,4229.0,0.65,1.0,20.0,0,0,0,18,29,3,21,10.0,12.0,20.0,0.0,27.0,28.0,1.29,1.29,1.56,-34.57,0.0,0.0,0.0,-5.28,0.0
59.0,2020-05-20,30.0,2,28,0.0,27,797,0,0.0,121.0,1139.0,321,4.0,4350.0,0.57,1.0,25.0,0,0,0,18,29,5,26,8.0,12.0,16.0,2.0,24.0,28.0,1.29,1.28,1.62,-43.4,0.0,0.0,0.0,-55.02,0.0
60.0,2020-05-21,107.0,8,99,0.0,17,826,0,0.0,361.0,1246.0,338,4.0,4711.0,3.57,1.0,30.0,0,0,0,21,29,10,28,8.0,12.0,16.0,2.0,22.0,28.0,1.26,1.24,1.62,256.67,0.0,0.0,0.0,198.35,0.0
61.0,2020-05-22,147.0,26,121,0.0,78,930,0,1.0,342.0,1393.0,416,5.0,5053.0,1.37,1.0,43.0,0,0,0,18,29,6,23,,,,,,,1.18,1.16,1.62,37.38,0.0,0.0,0.0,-5.26,0.0
62.0,2020-05-23,78.0,10,68,0.0,42,982,0,0.0,347.0,1471.0,458,5.0,5400.0,0.53,1.0,22.0,0,0,0,17,29,4,21,9.0,12.0,13.0,0.0,17.0,28.0,1.18,1.16,1.56,-46.94,0.0,-100.0,0.0,1.46,0.0
63.0,2020-05-24,93.0,8,85,0.0,26,1038,0,2.0,335.0,1564.0,484,7.0,5735.0,1.19,2.0,28.0,0,0,0,17,29,6,21,10.0,12.0,14.0,0.0,16.0,28.0,1.14,1.12,1.52,19.23,0.0,0.0,0.0,-3.46,0.0
64.0,2020-05-25,66.0,13,53,0.0,35,1077,0,0.0,365.0,1630.0,519,7.0,6100.0,0.71,2.0,18.0,0,0,0,15,29,2,18,,12.0,14.0,0.0,17.0,28.0,1.11,1.1,1.42,-29.03,0.0,-100.0,0.0,8.96,0.0
65.0,2020-05-26,107.0,10,97,0.0,27,1152,0,1.0,586.0,1737.0,546,8.0,6686.0,1.62,2.0,18.0,0,0,0,16,34,0,16,6.0,12.0,15.0,1.0,18.0,28.0,1.09,1.07,1.43,62.12,0.0,0.0,0.0,60.55,0.0
66.0,2020-05-27,74.0,4,70,0.0,31,1186,0,3.0,314.0,1811.0,577,11.0,7000.0,0.69,3.0,24.0,0,0,0,16,34,4,27,5.0,12.0,22.0,0.0,26.0,28.0,1.04,1.03,1.46,-30.84,0.0,200.0,0.0,-46.42,0.0
67.0,2020-05-28,146.0,27,119,0.0,37,1264,0,1.0,360.0,1957.0,614,12.0,7360.0,1.97,3.0,41.0,0,0,,23,34,6,29,7.0,11.0,23.0,0.0,25.0,35.0,1.04,1.02,1.46,97.3,0.0,-66.67,0.0,14.65,0.0
68.0,2020-05-29,136.0,6,130,0.0,67,1302,0,2.0,470.0,2093.0,681,14.0,7830.0,0.93,4.0,29.0,40,32,2,23,34,4,27,8.0,11.0,24.0,2.0,31.0,35.0,1.02,1.0,1.39,-6.85,0.0,100.0,0.0,30.56,
69.0,2020-05-30,157.0,33,124,0.0,96,1389,0,4.0,565.0,2250.0,777,18.0,8395.0,1.15,5.0,28.0,40,32,2,23,34,5,30,,,,,,,0.99,0.97,1.35,15.44,0.0,100.0,0.0,20.21,0.0
70.0,2020-05-31,111.0,25,86,0.0,66,1369,0,3.0,472.0,2361.0,843,21.0,8867.0,0.71,5.0,24.0,119,45,4,25,34,4,30,4.0,6.0,25.0,1.0,28.0,35.0,0.97,0.95,1.29,-29.3,0.0,-25.0,0.0,-16.46,40.62
71.0,2020-06-01,165.0,13,152,0.0,128,1452,0,1.0,445.0,2526.0,971,22.0,9312.0,1.49,6.0,37.0,119,61,,26,34,0,29,6.0,6.0,28.0,0.0,30.0,35.0,0.99,0.96,1.36,48.65,0.0,-66.67,0.0,-5.72,
72.0,2020-06-02,68.0,8,60,0.0,81,1466,0,1.0,346.0,2594.0,1052,23.0,9658.0,0.41,6.0,20.0,119,76,4,29,34,0,32,0.0,0.0,32.0,1.0,35.0,35.0,0.98,0.95,1.35,-58.79,0.0,0.0,0.0,-22.25,
73.0,2020-06-03,88.0,12,76,0.0,53,1519,0,5.0,207.0,2682.0,1105,28.0,9865.0,1.29,7.0,43.0,119,85,4,32,34,0,32,9.0,12.0,35.0,0.0,37.0,54.0,0.97,0.94,1.25,29.41,0.0,400.0,0.0,-40.17,11.84
74.0,2020-06-04,128.0,20,108,0.0,30,1540,0,0.0,248.0,2810.0,1135,28.0,10113.0,1.45,7.0,52.0,219,97,8,32,40,5,39,3.0,12.0,38.0,0.0,41.0,54.0,0.96,0.93,1.22,45.45,0.0,-100.0,0.0,19.81,14.12
75.0,2020-06-05,155.0,16,139,0.0,107,1549,0,0.0,458.0,2965.0,1242,28.0,10571.0,1.21,7.0,34.0,248,111,8,34,40,0,39,0.0,0.0,39.0,0.0,43.0,60.0,0.97,0.94,1.28,21.09,0.0,0.0,0.0,84.68,14.43
76.0,2020-06-06,129.0,25,104,0.0,146,1598,0,2.0,446.0,3094.0,1388,30.0,11017.0,0.83,8.0,29.0,235,118,10,39,44,0,41,0.0,0.0,37.0,0.0,39.0,60.0,0.99,0.95,1.31,-16.77,0.0,0.0,0.0,-2.62,6.31
77.0,2020-06-07,156.0,37,119,0.0,78,1658,0,5.0,450.0,3250.0,1466,35.0,11467.0,1.21,9.0,35.0,235,131,10,41,44,0,44,0.0,0.0,39.0,0.0,40.0,60.0,0.99,0.96,1.24,20.93,0.0,150.0,0.0,0.9,11.02
78.0,2020-06-08,142.0,9,133,0.0,91,1734,0,0.0,449.0,3392.0,1557,35.0,11916.0,0.91,9.0,32.0,235,162,10,44,47,0,45,0.0,0.0,37.0,0.0,41.0,60.0,0.98,0.94,1.26,-8.97,0.0,-100.0,0.0,-0.22,23.66
79.0,2020-06-09,99.0,10,89,0.0,66,1727,0,0.0,312.0,3491.0,1623,35.0,12228.0,0.7,9.0,32.0,235,164,10,45,47,3,45,0.0,0.0,42.0,0.0,43.0,60.0,0.99,0.96,1.25,-30.28,0.0,0.0,0.0,-30.51,1.23
80.0,2020-06-10,100.0,21,79,0.0,106,1745,0,11.0,329.0,3591.0,1729,46.0,12557.0,1.01,12.0,30.0,313,250,8,42,47,0,47,6.0,6.0,40.0,0.0,42.0,60.0,1.0,0.95,1.28,1.01,0.0,0.0,0.0,5.45,52.44
81.0,2020-06-11,105.0,13,92,0.0,71,1705,0,0.0,344.0,3696.0,1800,46.0,12901.0,1.05,12.0,31.0,467,310,10,47,49,2,47,2.0,6.0,38.0,1.0,41.0,60.0,0.99,0.95,1.2,5.0,0.0,-100.0,0.0,4.56,24.0
82.0,2020-06-12,127.0,36,91,0.0,145,1696,0,2.0,495.0,3823.0,1945,48.0,13396.0,1.21,13.0,26.0,467,310,10,45,47,0,45,3.0,6.0,40.0,1.0,42.0,60.0,0.98,0.96,1.08,20.95,0.0,0.0,0.0,43.9,0.0
83.0,2020-06-13,181.0,29,152,0.0,134,1720,0,4.0,395.0,4004.0,2079,52.0,13791.0,1.43,14.0,46.0,489,326,10,45,49,2,47,4.0,6.0,34.0,2.0,38.0,60.0,0.95,0.93,1.02,42.52,0.0,100.0,0.0,-20.2,5.16
84.0,2020-06-14,141.0,22,119,0.0,153,1747,0,6.0,482.0,4145.0,2232,58.0,14273.0,0.78,15.0,29.0,491,358,10,45,53,9,45,5.0,6.0,32.0,0.0,33.0,60.0,0.95,0.93,1.01,-22.1,0.0,50.0,0.0,22.03,9.82
85.0,2020-06-15,113.0,23,90,0.0,108,1696,0,0.0,360.0,4258.0,2340,58.0,14633.0,0.8,15.0,31.0,491,381,10,36,50,6,41,5.0,6.0,38.0,0.0,38.0,60.0,0.93,0.92,0.93,-19.86,0.0,-100.0,0.0,-25.31,6.42
86.0,2020-06-16,107.0,11,96,0.0,164,1736,0,0.0,328.0,4365.0,2504,58.0,14961.0,0.95,15.0,33.0,491,401,10,35,50,4,42,5.0,6.0,33.0,1.0,36.0,60.0,0.9,0.91,0.88,-5.31,0.0,0.0,0.0,-8.89,5.25
87.0,2020-06-17,422.0,9,105,0.0,67,2066,0,9.0,348.0,4787.0,2571,67.0,15309.0,1.07,18.0,33.0,668,401,10,38,50,0,40,5.0,6.0,36.0,1.0,38.0,60.0,0.89,0.9,0.85,6.54,0.0,0.0,0.0,6.1,0.0
88.0,2020-06-18,82.0,13,69,0.0,83,2019,0,1.0,289.0,4869.0,2654,68.0,15598.0,0.72,18.0,28.0,651,388,10,40,50,0,42,4.0,6.0,31.0,1.0,34.0,64.0,0.9,0.91,0.87,-28.07,0.0,-88.89,0.0,-16.95,-3.24
89.0,2020-06-19,126.0,14,108,4.0,128,1987,0,3.0,384.0,4995.0,2782,71.0,15982.0,1.54,19.0,33.0,651,376,10,42,49,4,42,6.0,6.0,29.0,0.0,32.0,64.0,0.9,0.91,0.89,53.66,0.0,200.0,0.0,32.87,-3.09
90.0,2020-06-20,148.0,19,124,5.0,155,2000,0,8.0,484.0,5143.0,2937,79.0,16466.0,1.17,21.0,31.0,642,373,11,38,49,5,41,6.0,6.0,29.0,1.0,33.0,64.0,0.91,0.92,0.89,17.46,0.0,166.67,0.0,26.04,-0.8
91.0,2020-06-21,115.0,20,92,3.0,127,982.0,87.0,1.0,371.0,5258.0,3064,80.0,16837.0,0.78,21.0,31.0,642,374,11,36,49,2,37,5.0,6.0,27.0,0.0,30.0,64.0,0.91,0.92,0.91,-22.3,0.0,-87.5,0.0,-23.35,0.27
92.0,2020-06-22,97.0,16,76,5.0,151,992.0,83.0,0.0,370.0,5355.0,3215,80.0,17207.0,0.84,21.0,26.0,642,374,11,35,49,2,36,4.0,6.0,25.0,0.0,27.0,64.0,0.9,0.91,0.92,-15.65,0.0,-100.0,1.02,-0.27,0.0
93.0,2020-06-23,87.0,18,65,4.0,142,927.0,74.0,0.0,334.0,5442.0,3357,80.0,17541.0,0.9,21.0,26.0,642,433,11,34,49,1,37,5.0,6.0,28.0,0.0,31.0,64.0,0.92,0.92,0.92,-10.31,0.0,0.0,-6.55,-9.73,15.78
94.0,2020-06-24,62.0,11,51,0.0,188,862.0,71.0,4.0,318.0,5504.0,3545,84.0,17859.0,0.71,22.0,19.0,642,436,11,36,49,2,39,6.0,6.0,28.0,0.0,31.0,64.0,0.93,0.93,0.91,-28.74,0.0,0.0,-7.01,-4.79,0.69
95.0,2020-06-25,73.0,11,58,4.0,105,822.0,80.0,1.0,384.0,5577.0,3650,85.0,18243.0,1.18,22.0,19.0,619,409,11,37,43,7,39,6.0,6.0,27.0,2.0,30.0,64.0,0.9,0.91,0.86,17.74,0.0,-75.0,-4.64,20.75,-6.19
96.0,2020-06-26,135.0,19,111,5.0,125,839.0,70.0,0.0,505.0,5712.0,3775,85.0,18748.0,1.85,22.0,27.0,619,410,10,32,43,7,38,6.0,6.0,24.0,0.0,26.0,64.0,0.91,0.91,0.91,84.93,0.0,-100.0,2.07,31.51,0.24
97.0,2020-06-27,59.0,15,43,1.0,177,793.0,63.0,3.0,349.0,5771.0,3952,88.0,19097.0,0.44,23.0,17.0,631,406,10,31,43,4,36,6.0,6.0,26.0,1.0,30.0,64.0,0.92,0.92,0.89,-56.3,0.0,0.0,-5.48,-30.89,-0.98
98.0,2020-06-28,122.0,16,101,5.0,135,821.0,73.0,3.0,607.0,5893.0,4087,91.0,19704.0,2.07,24.0,20.0,631,449,10,32,42,7,39,6.0,6.0,27.0,1.0,31.0,64.0,0.94,0.93,0.98,106.78,0.0,0.0,3.53,73.93,10.59
99.0,2020-06-29,81.0,15.0,61.0,5.0,113,819.0,66.0,0.0,380.0,5974.0,5068.0,91.0,20084.0,0.66,24.0,21.0,631,475,10,32,42,7,38,6.0,6.0,24.0,1.0,26.0,64.0,0.92,0.91,0.99,-33.61,0.0,-100.0,-0.24,-37.4,5.79
100.0,2020-06-30,75.0,18.0,53.0,4.0,125.0,771.0,70.0,0.0,352.0,6049.0,5193.0,91.0,20436.0,0.93,24.0,21.0,631,469,10,31,42,9,39,5.0,6.0,25.0,0.0,28.0,64.0,0.95,0.93,1.09,-7.41,0.0,0.0,-5.86,-7.37,-1.26
101.0,2020-07-01,67.0,14,51,2.0,92.0,746,67,0.0,522.0,6116.0,5285,91.0,20958.0,0.89,24.0,13.0,635,442,10,30,42,9,38,6.0,12.0,24.0,0.0,28.0,64.0,0.99,0.95,1.17,-10.67,-26.4,0.0,-3.24,48.3,-5.76
102.0,2020-07-02,99.0,17,72,10.0,95,743,66,4.0,320.0,6215.0,5380,95.0,21278.0,1.48,25.0,31.0,674,449,11,29,42,7,36,6.0,12.0,21.0,0.0,27.0,64.0,1.0,0.95,1.21,47.76,3.26,0.0,-0.4,-38.7,1.58
103.0,2020-07-03,83.0,21,53,9.0,99,731,64,1.0,375.0,6298.0,5479,96.0,21653.0,0.84,25.0,22.0,674,436,11,29,42,9,34,,,,,,,1.02,0.96,1.31,-16.16,4.21,-75.0,-1.62,17.19,-2.9
104.0,2020-07-04,74.0,11,55,8.0,86,718,75,2.0,590.0,6372.0,5565,98.0,22243.0,0.89,26.0,13.0,666,415,11,25,42,7,31,11.0,12.0,23.0,0.0,27.0,64.0,1.0,0.92,1.32,-10.84,-13.13,100.0,-1.78,57.33,-4.82
105.0,2020-07-05,136.0,30,100,6.0,92,769,84,4.0,607.0,6508.0,5657,102.0,22850.0,1.84,27.0,22.0,665,402,11,24,42,7,33,10.0,12.0,23.0,0.0,28.0,64.0,0.99,0.92,1.3,83.78,6.98,100.0,7.1,2.88,-3.13
106.0,2020-07-06,124.0,34,85,5.0,67,828,75,0.0,786.0,6632.0,5724,102.0,23636.0,0.91,27.0,16.0,665,428,11,26,43,7,33,12.0,12.0,22.0,0.0,27.0,64.0,0.98,0.91,1.23,-8.82,-27.17,-100.0,7.67,29.49,6.47
107.0,2020-07-07,73.0,25,45,3.0,111,792,70,0.0,548.0,6705.0,5835,102.0,24184.0,0.59,27.0,13.0,667,452,11,26,43,7,34,12.0,12.0,21.0,0.0,24.0,64.0,0.97,0.92,1.15,-41.13,65.67,0.0,-4.35,-30.28,5.61
108.0,2020-07-08,84.0,27,56,1.0,102,771,86,3.0,503.0,6789.0,5937,105.0,24687.0,1.15,27.0,17.0,667,475,11,27,43,6,33,12.0,12.0,20.0,1.0,24.0,64.0,0.93,0.89,1.08,15.07,-8.11,0.0,-2.65,-8.21,5.09
109.0,2020-07-09,78.0,31,40,7.0,89,773,86,2.0,435.0,6867.0,6026,107.0,25122.0,0.93,28.0,18.0,675,493,11,27,43,6,33,12.0,12.0,21.0,1.0,23.0,64.0,0.94,0.9,1.07,-7.14,-12.75,-33.33,0.26,-13.52,3.79
110.0,2020-07-10,94.0,21,68,5.0,59,807,64,0.0,462.0,6961.0,6085,107.0,25584.0,1.21,28.0,20.0,673,523,11,27,43,6,32,11.0,12.0,18.0,0.0,20.0,64.0,0.89,0.89,0.95,20.51,-33.71,-100.0,4.4,6.21,6.09
111.0,2020-07-11,89.0,20,66,3.0,72,812,61,1.0,480.0,7050.0,6157,108.0,26064.0,0.95,28.0,19.0,673,535,11,26,43,0,27,12.0,12.0,22.0,1.0,24.0,64.0,0.9,0.91,0.91,-5.32,22.03,0.0,0.62,3.9,2.29
112.0,2020-07-12,97.0,12,70,15.0,97,824,54,3.0,621.0,7147.0,6254,111.0,26685.0,1.09,29.0,16.0,673,523,11,27,43,4,31,12.0,12.0,22.0,1.0,24.0,64.0,0.89,0.91,0.83,8.99,34.72,200.0,1.48,29.38,-2.24
113.0,2020-07-13,44.0,14,23,7.0,71,797,52,0.0,413.0,7191.0,6325,111.0,27098.0,0.45,29.0,11.0,673,550,11,27,45,5,32,10.0,12.0,22.0,1.0,25.0,64.0,0.89,0.92,0.83,-54.64,-26.8,-100.0,-3.28,-33.49,5.16
114.0,2020-07-14,26.0,2,21,3.0,75,748,52,0.0,406.0,7217.0,6400,111.0,27504.0,0.59,29.0,6.0,678,552,11,27,45,5,32,11.0,12.0,21.0,0.0,22.0,64.0,0.86,0.89,0.82,-40.91,5.63,0.0,-6.15,-1.69,0.36
115.0,2020-07-15,49.0,6,39,4.0,100,693,68,4.0,227.0,7266.0,6500,115.0,27731.0,1.88,30.0,22.0,682,554,11,27,45,0,28,11.0,12.0,18.0,0.0,20.0,22.0,0.86,0.9,0.79,88.46,33.33,0.0,-7.35,-44.09,0.36
116.0,2020-07-16,43.0,7,30,6.0,104,632,66,2.0,321.0,7353.0,6604,117.0,28052.0,0.88,31.0,13.0,677,543,11,28,44,0,30,,,,,,,0.89,0.92,0.82,-12.24,4.0,-50.0,-8.8,41.41,-1.99
117.0,2020-07-17,98.0,21,64,13.0,56,658,61,22.0,675.0,7451.0,6660,139.0,28727.0,2.28,36.0,15.0,677,535,11,30,41,3,33,11.0,12.0,19.0,0.0,21.0,22.0,0.97,0.98,0.92,127.91,-46.15,1000.0,4.11,110.28,-1.47
118.0,2020-07-18,105.0,14,68,23.0,126,636,47,1.0,568.0,7557.0,6786,140.0,29295.0,1.07,37.0,18.0,677,548,11,30,41,1,32,11.0,12.0,18.0,3.0,21.0,22.0,1.04,1.05,1.0,7.14,125.0,-95.45,-3.34,-15.85,2.43
119.0,2020-07-19,70.0,10,55,5.0,81,624,43,1.0,306.0,7627.0,6867,141.0,29601.0,0.67,37.0,23.0,677,534,11,31,41,1,34,10.0,12.0,20.0,1.0,23.0,48.0,1.07,1.07,1.03,-33.33,-35.71,0.0,-1.89,-46.13,-2.55
120.0,2020-07-20,134.0,38,75,21.0,84,671,33,3.0,689.0,7761.0,6951,144.0,30290.0,1.91,38.0,19.0,677,512,11,33,42,1,33,11.0,12.0,18.0,0.0,20.0,48.0,1.13,1.14,1.06,91.43,3.7,200.0,7.53,125.16,-4.12
121.0,2020-07-21,54.0,5,45,4.0,75,655,27,0.0,534.0,7820.0,7026,144.0,30824.0,0.4,38.0,10.0,677,501,11,32,42,1,33,11.0,12.0,20.0,2.0,23.0,48.0,1.15,1.15,1.1,-59.7,-10.71,-100.0,-2.38,-22.5,-2.15
122.0,2020-07-22,50.0,4,41,5.0,104,600,19,0.0,374.0,7869.0,7130,144.0,31198.0,0.93,38.0,13.0,677,492,11,32,42,3,32,,,,,,,1.16,1.17,1.09,-7.41,38.67,0.0,-8.4,-29.96,-1.8
123.0,2020-07-23,84.0,9,64,11.0,74,604,16,6.0,369.0,7953.0,7204,150.0,31567.0,1.68,39.0,23.0,677,466,11,29,42,6,35,12.0,12.0,15.0,0.0,17.0,48.0,1.16,1.17,1.08,68.0,-28.85,0.0,0.67,-1.34,-5.28
124.0,2020-07-24,125.0,13,105,7.0,88,642,16,0.0,732.0,8079.0,7292,150.0,32299.0,1.49,39.0,17.0,677,437,11,29,42,6,32,15.0,12.0,15.0,0.0,15.0,48.0,1.1,1.12,1.04,48.81,18.92,-100.0,6.29,98.37,-6.22
125.0,2020-07-25,70.0,17,48,5.0,65,642,17,3.0,277.0,8147.0,7357,153.0,32576.0,0.56,40.0,25.0,769,410,11,26,42,2,28,9.0,12.0,14.0,0.0,15.0,48.0,1.05,1.06,1.04,-44.0,-26.14,0.0,0.0,-62.16,-6.18
126.0,2020-07-26,41.0,20,19,2.0,50,631,25,2.0,429.0,8188.0,7407,155.0,33005.0,0.59,40.0,10.0,769,422,11,26,42,1,27,11.0,12.0,14.0,0.0,15.0,48.0,1.1,1.04,1.42,-41.43,-23.08,-33.33,-1.71,54.87,2.93
127.0,2020-07-27,120.0,17,84,19.0,43,705,25,4.0,792.0,8308.0,7450,159.0,33797.0,2.93,42.0,15.0,769,453,11,26,42,0,26,12.0,12.0,12.0,2.0,14.0,48.0,1.05,1.0,1.31,192.68,-14.0,100.0,11.73,84.62,7.35
128.0,2020-07-28,276.0,94,116,66.0,74,907,21,1.0,1358.0,8585.0,7524,160.0,35155.0,2.3,42.0,20.0,769,526,11,26,42,2,30,12.0,12.0,13.0,2.0,16.0,48.0,1.01,0.96,1.19,130.0,72.09,-75.0,28.65,71.46,16.11
129.0,2020-07-29,63.0,9,38,16.0,74,896,36,0.0,468.0,8648.0,7598,160.0,35623.0,0.23,42.0,13.0,769.0,538.0,11.0,28,42,4,33,,,,,,,0.96,0.92,1.12,-77.17,0.0,-100.0,-1.21,-65.54,2.28
130.0,2020-07-30,116.0,23,85,8.0,68,942,42,2.0,604.0,8764.0,7666,162.0,36227.0,1.84,42.0,19.0,769,585,11,29,42,7,33,13.0,22.0,14.0,2.0,18.0,48.0,0.94,0.92,1.03,84.13,-8.11,0.0,5.13,29.06,8.74
131.0,2020-07-31,35.0,16,17,2.0,64,907,45,4.0,390.0,8797.0,7730,166.0,36617.0,0.3,43.0,9.0,769,614,11,26,42,7,33,17.0,22.0,15.0,0.0,17.0,48.0,0.92,0.92,0.95,-69.83,-5.88,100.0,-3.72,-35.43,4.96
132.0,2020-08-01,64.0,21,39,4.0,106,865,50,2.0,584.0,8863.0,7836,168.0,37201.0,1.83,44.0,11.0,769,553,11,26,42,2,28,16.0,22.0,11.0,0.0,14.0,48.0,0.91,0.92,0.89,82.86,65.62,-50.0,-4.63,49.74,-9.93
133.0,2020-08-02,61.0,9,42,10.0,90.0,832.0,61.0,2.0,588.0,8922.0,7926.0,170.0,37789.0,0.95,44.0,10.0,710,555,10,25,42,2,26,18.0,22.0,11.0,0.0,12.0,48.0,0.85,0.93,0.55,-4.69,-15.09,0.0,-3.82,0.68,0.36
134.0,2020-08-03,63.0,32,25,6.0,57.0,835,64,3.0,555.0,8985.0,7983,173.0,38344.0,1.03,45.0,11.0,707,571,10,24,42,1,24,17.0,22.0,12.0,2.0,14.0,48.0,0.84,0.92,0.54,3.28,-36.67,50.0,0.36,-5.61,2.88
135.0,2020-08-04,60.0,10,44,6.0,101,794,56,0.0,418.0,9045.0,8084,173.0,38762.0,0.95,45.0,14.0,707,579,10,23,42,1,23,21.0,22.0,17.0,0.0,17.0,48.0,0.87,0.94,0.6,-4.76,77.19,-100.0,-4.91,-24.68,1.4
136.0,2020-08-05,83.0,10,67,6.0,79,798,66,0.0,1515.0,9128.0,8163,173.0,40277.0,1.38,45.0,5.0,707,576,10,22,42,6,22,29.0,22.0,17.0,1.0,18.0,48.0,0.9,0.94,0.72,38.33,-21.78,0.0,0.5,262.44,-0.52
137.0,2020-08-06,39.0,7,13,19.0,94,738,94,4.0,599.0,9167.0,8257,177.0,40876.0,0.47,46.0,7.0,707,592,10,16,37,0,20,21.0,22.0,19.0,0.0,20.0,48.0,0.91,0.93,0.78,-53.01,18.99,0.0,-7.52,-60.46,2.78
138.0,2020-08-07,85.0,12,59,14.0,89,733,110,1.0,659.0,9252.0,8346,178.0,41535.0,2.18,47.0,13.0,707,601,10,20,37,0,22,20.0,22.0,20.0,0.0,21.0,48.0,0.94,0.94,0.91,117.95,-5.32,-75.0,-0.68,10.02,1.52
139.0,2020-08-08,27.0,4,22,1.0,68,689,112,2.0,465.0,9278.0,8414,180.0,42000.0,0.32,47.0,6.0,707,597,10,22,37,1,24,16.0,22.0,19.0,0.0,20.0,48.0,0.95,0.93,1.0,-68.24,-23.6,100.0,-6.0,-29.44,-0.67
140.0,2020-08-09,89.0,26,58,5.0,86,691,120,1.0,650.0,9367.0,8500,181.0,42650.0,3.3,47.0,14.0,707,571,10,23,37,0,24,17.0,22.0,18.0,1.0,19.0,48.0,0.95,0.94,1.04,229.63,26.47,-50.0,0.29,39.78,-4.36
141.0,2020-08-10,52.0,18,30,4.0,124,618,116,1.0,474.0,9419.0,8624,182.0,43124.0,0.58,48.0,11.0,707,573,10,24,37,0,26,9.0,10.0,19.0,1.0,20.0,48.0,1.0,0.98,1.07,-41.57,44.19,0.0,-10.56,-27.08,0.35
142.0,2020-08-11,124.0,35,83,6.0,92,650,102,0.0,716.0,9543.0,8716,182.0,43840.0,2.38,48.0,17.0,708,529,10,26,37,0,27,10.0,10.0,19.0,1.0,20.0,48.0,0.98,0.97,1.01,138.46,-25.81,-100.0,5.18,51.05,-7.68
143.0,2020-08-12,72.0,22,42,8.0,73,651,119,0.0,455.0,9617.0,8789,182.0,44295.0,0.58,48.0,16.0,708,519,10,27,37,3,28,10.0,10.0,19.0,1.0,20.0,48.0,1.01,1.0,1.07,-41.94,-20.65,0.0,0.15,-36.45,-1.89
144.0,2020-08-13,85.0,12,70,3.0,80,653,125,3.0,637.0,9702.0,8869,185.0,44932.0,1.18,48.0,13.0,706,517,10,25,37,3,26,10.0,10.0,20.0,0.0,22.0,48.0,1.0,0.99,1.07,18.06,9.59,0.0,0.31,40.0,-0.39
145.0,2020-08-14,72.0,28,42,2.0,86,638,123,0.0,669.0,9773.0,8955,185.0,45601.0,0.85,48.0,11.0,704,519,10,23,37,4,27,8.0,10.0,20.0,1.0,23.0,48.0,0.99,0.99,1.02,-15.29,7.5,-100.0,-2.3,5.02,0.39
146.0,2020-08-15,51.0,19,31,1.0,65,625,135,0.0,559.0,9825.0,9020,185.0,46160.0,0.71,48.0,9.0,703,496,10,23,37,5,29,9.0,10.0,20.0,1.0,23.0,48.0,0.99,1.0,0.97,-29.17,-24.42,0.0,-2.04,-16.44,-4.43
147.0,2020-08-16,54.0,23,29,2.0,69,609,153,1.0,687.0,9879.0,9089,186.0,46847.0,1.06,49.0,8.0,675,514,9,24,37,5,29,10.0,10.0,20.0,0.0,23.0,48.0,0.96,0.97,0.94,5.88,6.15,0.0,-2.56,22.9,3.63
148.0,2020-08-17,93.0,29,56,8.0,52,649,145,0.0,748.0,9971.0,9141,186.0,47595.0,1.72,49.0,12.0,675,522,9,24,37,6,30,10.0,10.0,19.0,0.0,22.0,48.0,0.91,0.92,0.91,72.22,-24.64,-100.0,6.57,8.88,1.56
149.0,2020-08-18,63.0,28,32,3.0,63,650,137,0.0,532.0,10035.0,9204,186.0,48127.0,0.68,49.0,12.0,662,447,9,24,37,8,31,10.0,10.0,17.0,0.0,19.0,48.0,0.92,0.91,1.03,-32.26,21.15,0.0,0.15,-28.88,-14.37
150.0,2020-08-19,52.0,5,44,3.0,72,628,142,0.0,292.0,10085.0,9276,186.0,48419.0,0.83,49.0,18.0,611,507,8,23,37,7,30,9.0,10.0,13.0,0.0,17.0,48.0,0.88,0.89,0.9,-17.46,14.29,0.0,-3.38,-45.11,13.42
151.0,2020-08-20,52.0,12,37,3.0,68,607,149,5.0,481.0,10137.0,9344,191.0,48900.0,1.0,50.0,11.0,611,496,8,23,37,5,28,10.0,10.0,12.0,0.0,16.0,48.0,0.88,0.88,0.91,0.0,-5.56,0.0,-3.34,64.73,-2.17
152.0,2020-08-21,76.0,25,48,3.0,76,607,159,0.0,645.0,10213.0,9420,191.0,49545.0,1.46,50.0,12.0,611,502,8,23,37,3,26,10.0,10.0,13.0,0.0,15.0,48.0,0.88,0.89,0.93,46.15,11.76,-100.0,0.0,34.1,1.21
153.0,2020-08-22,49.0,18,29,2.0,64,590,177,2.0,612.0,10262.0,9484,193.0,50157.0,0.64,50.0,8.0,611,533,8,23,37,5,26,9.0,10.0,11.0,0.0,13.0,48.0,0.87,0.88,0.92,-35.53,-15.79,0.0,-2.8,-5.12,6.18
154.0,2020-08-23,69.0,24,45,0.0,57,602,190,0.0,742.0,10331.0,9541,193.0,50899.0,1.41,50.0,9.0,611,531,8,21,37,6,25,9.0,10.0,10.0,0.0,10.0,48.0,0.9,0.9,0.95,40.82,-10.94,-100.0,2.03,21.24,-0.38
155.0,2020-08-24,54.0,15,34,5.0,60,593,189,3.0,850.0,10385.0,9601,196.0,51749.0,0.78,51.0,6.0,611,542,8,19,37,5,25,9.0,10.0,10.0,1.0,11.0,48.0,0.91,0.9,0.98,-21.74,5.26,0.0,-1.5,14.56,2.07
156.0,2020-08-25,44.0,21,18,5.0,83,553,181,0.0,517.0,10428.0,9684,196.0,52266.0,0.81,51.0,9.0,611,499,8,20,37,8,26,10.0,10.0,11.0,0.0,11.0,48.0,0.9,0.9,0.87,-18.52,38.33,-100.0,-6.75,-39.18,-7.93
157.0,2020-08-26,38.0,9,24,5.0,54,536,176,0.0,517.0,10465.0,9738,196.0,52783.0,0.86,51.0,7.0,611,473,8,18,37,9,27,8.0,10.0,13.0,1.0,14.0,48.0,0.92,0.91,0.94,-13.64,-34.94,0.0,-3.07,0.0,-5.21
158.0,2020-08-27,39.0,18,18,3.0,76,497,160,2.0,593.0,10504.0,9814,198.0,53376.0,1.03,52.0,7.0,611,476,8,18,37,11,29,7.0,10.0,12.0,0.0,12.0,48.0,0.9,0.91,0.87,2.63,40.74,0.0,-7.28,14.7,0.63
159.0,2020-08-28,35.0,11,22,2.0,66,465,172,1.0,578.0,10539.0,9880,199.0,53954.0,0.9,52.0,6.0,611,477,8,18,37,12,29,9.0,10.0,12.0,0.0,12.0,48.0,0.91,0.92,0.88,-10.26,-13.16,-50.0,-6.44,-2.53,0.21
160.0,2020-08-29,64.0,21,42,1.0,58,471,179,0.0,719.0,10603.0,9938,199.0,54673.0,1.83,52.0,9.0,611,501,8,17,36,5,24,9.0,10.0,12.0,0.0,13.0,48.0,0.89,0.89,0.86,82.86,-12.12,-100.0,1.29,24.39,5.03
161.0,2020-08-30,43.0,11,29,3.0,68,443,191,4.0,808.0,10646.0,10006,203.0,55481.0,0.67,53.0,5.0,611,497,8,19,36,7,24,10.0,10.0,11.0,0.0,12.0,48.0,0.87,0.88,0.84,-32.81,17.24,0.0,-5.94,12.38,-0.8
162.0,2020-08-31,39.0,8,29,2.0,30,451,178,1.0,976.0,10685.0,10036,204.0,56457.0,0.91,53.0,4.0,611,568,8,17,36,6,23,10.0,10.0,11.0,1.0,12.0,48.0,0.86,0.86,0.82,-9.3,-55.88,-75.0,1.81,20.79,14.29
163.0,2020-09-01,28.0,21,5,2.0,49,430,177,0.0,442.0,10713.0,10085,204.0,56899.0,0.72,53.0,6.0,611,540,8,17,36,4,21,11.0,12.0,10.0,1.0,12.0,48.0,0.86,0.87,0.81,-28.21,63.33,-100.0,-4.66,-54.71,-4.93
164.0,2020-09-02,46.0,9,33,4.0,59,418,181,0.0,488.0,10760.0,10144,204.0,57387.0,1.64,53.0,9.0,611,545,8,17,36,6,23,12.0,12.0,9.0,0.0,12.0,48.0,0.82,0.85,0.72,64.29,20.41,0.0,-2.79,10.41,0.93
165.0,2020-09-03,36.0,11,23,2.0,49,404,202,2.0,378.0,10796.0,10193,206.0,57765.0,0.78,54.0,10.0,611,552,8,17,36,5,21,12.0,12.0,10.0,0.0,13.0,48.0,0.84,0.87,0.72,-21.74,-16.95,0.0,-3.35,-22.54,1.28
166.0,2020-09-04,36.0,10,26,0.0,41,398,197,1.0,699.0,10832.0,10234,207.0,58464.0,1.0,54.0,5.0,611,531,8,16,36,5,21,10.0,12.0,11.0,2.0,15.0,48.0,0.83,0.88,0.63,0.0,-16.33,-50.0,-1.49,84.92,-3.8
167.0,2020-09-05,41.0,21,17,3.0,46,393,189,0.0,650.0,10873.0,10280,207.0,59114.0,1.14,54.0,6.0,711,550,9,16,36,7,24,11.0,12.0,9.0,1.0,15.0,48.0,0.87,0.93,0.63,13.89,12.2,-100.0,-1.26,-7.01,3.58
168.0,2020-09-06,40.0,16,23,1.0,46,384,189,3.0,940.0,10913.0,10326,210.0,60054.0,0.98,55.0,4.0,711,550,9,17,36,4,21,11.0,12.0,11.0,0.0,16.0,48.0,0.88,0.94,0.63,-2.44,0.0,0.0,-2.29,44.62,0.0
169.0,2020-09-07,21.0,15,6,0.0,39,365,176,1.0,920.0,10934.0,10365,211.0,60974.0,0.52,55.0,2.0,711,583,9,17,36,4,21,12.0,12.0,9.0,0.0,16.0,48.0,0.91,0.98,0.6,-47.5,-15.22,-66.67,-4.95,-2.13,6.0
170.0,2020-09-08,38.0,21,16,1.0,48,356,155,0.0,728.0,10973.0,10413,211.0,61702.0,1.81,55.0,5.0,711,535,9,17,36,8,25,12.0,12.0,9.0,0.0,14.0,45.0,0.92,0.98,0.61,80.95,23.08,-100.0,-2.47,-20.87,-8.23
171.0,2020-09-09,48.0,14,31,3.0,28,376,168,0.0,605.0,11021.0,10441,211.0,62307.0,1.26,55.0,8.0,711,521,9,17,36,10,25,12.0,12.0,8.0,1.0,15.0,45.0,0.96,1.01,0.62,26.32,-41.67,0.0,5.62,-16.9,-2.62
172.0,2020-09-10,30.0,9,20,1.0,46,358,161,2.0,684.0,11051.0,10487,213.0,62991.0,0.62,56.0,4.0,741,505,9,15,36,7,22,11.0,12.0,8.0,0.0,15.0,45.0,0.95,0.98,0.69,-37.5,64.29,0.0,-4.79,13.06,-3.07
173.0,2020-09-11,40.0,16,24,0.0,33,365,168,0.0,743.0,11091.0,10520,213.0,63734.0,1.33,56.0,5.0,741,523,9,15,36,7,22,9.0,12.0,7.0,0.0,12.0,45.0,0.92,0.94,0.71,33.33,-28.26,-100.0,1.96,8.63,3.56
174.0,2020-09-12,40.0,15,25,0.0,56,350,170,0.0,778.0,11132.0,10576,213.0,64512.0,1.0,56.0,5.0,741,581,9,15,34,5,20,11.0,12.0,7.0,0.0,13.0,45.0,0.89,0.9,0.73,0.0,69.7,0.0,-4.11,4.71,11.09
175.0,2020-09-13,61.0,29,26,6.0,27,383,170,1.0,970.0,11193.0,10603,214.0,65482.0,1.52,56.0,6.0,741,594,9,15,36,6,21,20.0,12.0,6.0,0.0,11.0,45.0,0.87,0.89,0.74,52.5,-51.79,0.0,9.43,24.68,2.24
176.0,2020-09-14,41.0,10,24,7.0,48,374,158,1.0,715.0,11234.0,10651,215.0,66197.0,0.67,56.0,6.0,741,629,9,15,36,5,20,12.0,12.0,5.0,0.0,9.0,45.0,0.83,0.84,0.71,-32.79,77.78,0.0,-2.35,-26.29,5.89
177.0,2020-09-15,37.0,15,21,1.0,48,363,141,0.0,587.0,11271.0,10699,215.0,66784.0,0.9,56.0,6.0,741,609,9,15,36,5,19,17.0,22.0,4.0,0.0,9.0,45.0,0.81,0.82,0.73,-9.76,0.0,-100.0,-2.94,-17.9,-3.18
178.0,2020-09-16,21.0,3,16,2.0,59,326,150,0.0,476.0,11293.0,10758,215.0,67260.0,0.57,56.0,4.0,741,592,9,14,36,8,21,17.0,22.0,2.0,0.0,7.0,45.0,0.77,0.78,0.75,-43.24,22.92,0.0,-10.19,-18.91,-2.79
179.0,2020-09-17,46.0,14,28,4.0,43,326,151,3.0,772.0,11339.0,10801,218.0,68032.0,2.19,57.0,6.0,748,611,9,13,36,7,18,19.0,22.0,3.0,0.0,12.0,45.0,0.76,0.79,0.72,119.05,-27.12,0.0,0.0,62.18,3.21
180.0,2020-09-18,42.0,16,17,9.0,45,323,159,0.0,709.0,11381.0,10846,218.0,68741.0,0.91,57.0,6.0,748,641,9,11,36,8,19,,,,,,,0.77,0.79,0.72,-8.7,4.65,-100.0,-0.92,-8.16,4.91
181.0,2020-09-19,20.0,4,12,4.0,52,291,151,0.0,644.0,11401.0,10898,218.0,69385.0,0.48,57.0,3.0,748,666,9,11,36,7,18,19.0,22.0,5.0,0.0,12.0,45.0,0.79,0.8,0.74,-52.38,15.56,0.0,-9.91,-9.17,3.9
182.0,2020-09-20,34.0,8,13,13.0,54,269,140,1.0,722.0,11435.0,10952,219.0,70107.0,1.7,57.0,5.0,758,693,9,11,36,7,18,17.0,22.0,6.0,0.0,15.0,45.0,0.82,0.82,0.81,70.0,3.85,0.0,-7.56,12.11,4.05
183.0,2020-09-21,34.0,7,18,9.0,37,266,136,0.0,699.0,11469.0,10989,219.0,70806.0,1.0,57.0,5.0,810,748,10,11,36,7,18,19.0,22.0,5.0,0.0,13.0,45.0,0.86,0.86,0.9,0.0,-31.48,-100.0,-1.12,-3.19,7.94
184.0,2020-09-22,28.0,4,23,1.0,35,259,125,0.0,354.0,11497.0,11024,219.0,71160.0,0.82,57.0,8.0,810,695,10,11,36,7,18,22.0,22.0,5.0,0.0,12.0,45.0,0.9,0.89,0.99,-17.65,-5.41,0.0,-2.63,-49.36,-7.09
185.0,2020-09-23,15.0,4,11,0.0,22,252,128,0.0,166.0,11512.0,11046,219.0,71326.0,0.54,57.0,9.0,810,716,10,11,36,6,18,19.0,22.0,6.0,0.0,13.0,44.0,0.92,0.9,1.04,-46.43,-37.14,0.0,-2.7,-53.11,3.02
186.0,2020-09-24,19.0,11,7,1.0,48,219,127,4.0,509.0,11531.0,11094,223.0,71835.0,1.27,58.0,4.0,810,715,10,12,36,7,19,21.0,22.0,5.0,0.0,12.0,44.0,0.94,0.92,1.08,26.67,118.18,0.0,-13.1,206.63,-0.14
187.0,2020-09-25,41.0,11,21,9.0,34,224,118,2.0,915.0,11572.0,11128,225.0,72750.0,2.16,59.0,4.0,810,703,10,12,36,7,16,17.0,22.0,5.0,0.0,11.0,44.0,0.98,0.97,1.16,115.79,-29.17,-50.0,2.28,79.76,-1.68
188.0,2020-09-26,44.0,9,29,6.0,23,245,113,0.0,757.0,11616.0,11151,225.0,73507.0,1.07,59.0,6.0,1010,777,11,9,36,8,15,16.0,22.0,5.0,0.0,11.0,44.0,1.01,1.01,1.17,7.32,-32.35,-100.0,9.38,-17.27,10.53
189.0,2020-09-27,56.0,16,16,24.0,38,262,114,1.0,1023.0,11672.0,11189,226.0,74530.0,1.27,59.0,5.0,926,895,10,7,36,8,15,19.0,22.0,5.0,0.0,10.0,44.0,1.03,1.03,1.22,27.27,65.22,0.0,6.94,35.14,15.19
190.0,2020-09-28,35.0,11,15,9.0,28,268,113,1.0,791.0,11707.0,11217,227.0,75321.0,0.62,59.0,4.0,997,993,10,7,36,8,15,19.0,22.0,5.0,1.0,11.0,44.0,1.04,1.04,1.23,-37.5,-26.32,0.0,2.29,-22.68,10.95
191.0,2020-09-29,41.0,14,22,5.0,28,281,107,0.0,1529.0,11748.0,11245,227.0,76850.0,1.17,59.0,3.0,997,915,10,7,36,8,15,18.0,22.0,5.0,1.0,10.0,44.0,1.03,1.03,1.18,17.14,0.0,-100.0,4.85,93.3,-7.85
192.0,2020-09-30,44.0,13,20,11.0,48,277,109,0.0,479.0,11792.0,11293,227.0,77329.0,1.07,59.0,9.0,1097,1007,10,7,36,9,15,16.0,22.0,6.0,2.0,12.0,44.0,1.05,1.05,1.16,7.32,71.43,0.0,-1.42,-68.67,10.05
193.0,2020-10-01,49.0,12,26,11.0,39,288,107,0.0,1011.0,11842.0,11332,227.0,78340.0,1.11,59.0,5.0,1097,1026,10,6,36,8,16,17.0,22.0,6.0,0.0,11.0,44.0,1.05,1.05,1.15,11.36,-18.75,0.0,3.97,111.06,1.89
194.0,2020-10-02,36.0,8,24,4.0,41,279,109,4.0,803.0,11878.0,11373,231.0,79143.0,0.73,60.0,4.0,1097,1092,10,8,36,9,17,15.0,22.0,6.0,0.0,11.0,44.0,1.05,1.05,1.11,-26.53,5.13,0.0,-3.12,-20.57,6.43
195.0,2020-10-03,69.0,9,10,50.0,21,327,105,0.0,802.0,11947.0,11394,231.0,79945.0,1.92,60.0,9.0,1197,1079,10,8,36,8,16,20.0,22.0,7.0,0.0,11.0,44.0,1.05,1.05,1.08,91.67,-48.78,-100.0,17.2,-0.12,-1.19
196.0,2020-10-04,29.0,6,17,6.0,13,342,115,1.0,692.0,11976.0,11407,232.0,80637.0,0.42,61.0,4.0,1297,1267,10,8,36,8,17,17.0,22.0,7.0,0.0,12.0,44.0,1.04,1.03,1.03,-57.97,-38.1,0.0,4.59,-13.72,17.42
197.0,2020-10-05,29.0,7,18,4.0,11,359,108,1.0,1070.0,12005.0,11418,233.0,81707.0,1.0,61.0,3.0,1297,1286,10,9,36,8,17,21.0,22.0,8.0,0.0,14.0,44.0,1.01,1.02,0.95,0.0,-15.38,0.0,4.97,54.62,1.5
198.0,2020-10-06,31.0,15,13,3.0,26,364,111,0.0,855.0,12036.0,11444,233.0,82562.0,1.07,61.0,4.0,1311,1299,10,9,36,10,19,19.0,22.0,8.0,0.0,15.0,44.0,1.0,1.0,0.97,6.9,136.36,-100.0,1.39,-20.09,1.01
199.0,2020-10-07,25.0,10,13,2.0,35,355,139,0.0,619.0,12062.0,11479,233.0,83181.0,0.81,61.0,4.0,1311,1364,10,9,36,10,19,20.0,22.0,8.0,0.0,16.0,44.0,0.97,0.99,0.92,-19.35,34.62,0.0,-2.47,-27.6,5.0
200.0,2020-10-08,31.0,6,21,4.0,41,343,144,1.0,1076.0,12092.0,11520,234.0,84257.0,1.24,61.0,3.0,1420,1511,10,9,36,9,18,19.0,22.0,8.0,0.0,14.0,44.0,0.95,0.98,0.89,24.0,17.14,0.0,-3.38,73.83,10.78
201.0,2020-10-09,18.0,7,11,0.0,27,333,142,1.0,741.0,12109.0,11547,235.0,84998.0,0.58,61.0,2.0,1420,1375,10,9,25,10,19,22.0,22.0,9.0,0.0,14.0,44.0,0.94,0.98,0.86,-41.94,-34.15,0.0,-2.92,-31.13,-9.0
202.0,2020-10-10,33.0,7,21,5.0,25,341,138,0.0,810.0,12142.0,11572,235.0,85808.0,1.83,61.0,4.0,1420,1386,10,9,24,11,20,17.0,22.0,9.0,0.0,13.0,44.0,0.93,0.96,0.88,83.33,-7.41,-100.0,2.4,9.31,0.8
203.0,2020-10-11,67.0,3,12,52.0,42,366,137,0.0,853.0,12209.0,11614,235.0,86661.0,2.03,61.0,8.0,1420,1473,10,9,24,11,20,17.0,22.0,9.0,0.0,13.0,44.0,0.94,0.97,0.89,103.03,68.0,0.0,7.33,5.31,6.28
204.0,2020-10-12,26.0,13,13,0.0,26,366,129,0.0,1075.0,12235.0,11640,235.0,87736.0,0.39,61.0,2.0,1420,1286,10,9,24,11,20,19.0,22.0,6.0,0.0,12.0,44.0,0.96,0.96,0.94,-61.19,-38.1,0.0,0.0,26.03,-12.7
205.0,2020-10-13,21.0,3,6,12.0,32,370,122,0.0,564.0,12271.0,11672,235.0,88300.0,0.81,61.0,4.0,1420,1318,10,9,24,10,19,18.0,22.0,5.0,0.0,11.0,44.0,0.98,0.98,0.96,-19.23,23.08,0.0,1.09,-47.53,2.49
206.0,2020-10-14,30.0,2,27,1.0,61,339,112,0.0,292.0,12301.0,11733,235.0,88592.0,1.43,61.0,10.0,1422,1292,10,9,24,10,19,21.0,22.0,6.0,0.0,13.0,44.0,1.0,1.0,1.03,42.86,90.62,0.0,-8.38,-48.23,-1.97
207.0,2020-10-15,15.0,2,13,0.0,46,308,117,0.0,405.0,12316.0,11779,235.0,88997.0,0.5,61.0,4.0,1422,1335,10,9,24,7,16,19.0,22.0,7.0,0.0,12.0,44.0,1.03,1.03,1.03,-50.0,-24.59,0.0,-9.14,38.7,3.33
208.0,2020-10-16,35.0,12,21,2.0,31,311,125,1.0,858.0,12351.0,11810,236.0,89855.0,2.33,62.0,4.0,1650,1383,11,9,24,6,15,18.0,22.0,5.0,0.0,8.0,44.0,1.05,1.04,1.1,133.33,-32.61,0.0,0.97,111.85,3.6
209.0,2020-10-17,38.0,13,18,7.0,27,319,139,3.0,957.0,12389.0,11837,239.0,90812.0,1.09,62.0,4.0,1633,1484,11,9,24,5,14,21.0,22.0,5.0,0.0,8.0,44.0,1.09,1.07,1.13,8.57,-12.9,200.0,2.57,11.54,7.3
210.0,2020-10-18,19.0,6,12,1.0,34,305,136,0.0,638.0,12409.0,11871,239.0,91450.0,0.5,62.0,3.0,1633,1600,11,9,24,5,14,22.0,22.0,6.0,0.0,11.0,44.0,1.09,1.08,1.11,-50.0,25.93,-100.0,-4.39,-33.33,7.82
211.0,2020-10-19,36.0,8,18,10.0,18,323,130,0.0,811.0,12445.0,11889,239.0,92261.0,1.89,62.0,4.0,1633,1458,11,9,24,6,15,22.0,22.0,6.0,1.0,11.0,44.0,1.12,1.13,1.09,89.47,-47.06,0.0,5.9,27.12,-8.88
212.0,2020-10-20,23.0,14,5,4.0,21,324,126,0.0,1104.0,12468.0,11910,239.0,93365.0,0.64,62.0,2.0,1653,1464,11,9,24,6,15,21.0,22.0,4.0,1.0,9.0,44.0,1.15,1.16,1.1,-36.11,16.67,0.0,0.31,36.13,0.41
213.0,2020-10-21,43.0,12,31,0.0,27,340,125,0.0,907.0,12511.0,11937,239.0,94272.0,1.87,62.0,5.0,1678,1426,11,9,24,7,16,20.0,22.0,5.0,0.0,11.0,44.0,1.14,1.16,1.09,86.96,28.57,0.0,4.94,-17.84,-2.6
214.0,2020-10-22,31.0,6,21,4.0,50,320,132,1.0,648.0,12542.0,11987,240.0,94920.0,0.72,63.0,5.0,1678,1559,11,9,24,11,20,20.0,22.0,5.0,0.0,11.0,44.0,1.16,1.16,1.17,-27.91,85.19,0.0,-5.88,-28.56,9.33
215.0,2020-10-23,38.0,15,22,1.0,62,296,141,0.0,972.0,12580.0,12049,240.0,95892.0,1.23,63.0,4.0,1678,1632,11,9,24,11,20,20.0,22.0,5.0,0.0,12.0,44.0,1.15,1.15,1.15,22.58,24.0,-100.0,-7.5,50.0,4.68
216.0,2020-10-24,28.0,12,14,2.0,93,233,115,1.0,932.0,12611.0,12142,241.0,96824.0,0.74,63.0,3.0,1918,1748,11,9,24,10,20,19.0,22.0,6.0,0.0,15.0,44.0,1.19,1.2,1.12,-26.32,50.0,0.0,-21.28,-4.12,7.11
217.0,2020-10-25,31.0,17,14,0.0,30,234,119,1.0,1046.0,12643.0,12172,242.0,97870.0,1.11,63.0,3.0,1918,1778,11,10,24,9,19,19.0,22.0,6.0,1.0,16.0,44.0,1.16,1.17,1.12,10.71,-67.74,0.0,0.43,12.23,1.72
218.0,2020-10-26,39.0,17,18,4.0,32,247,110,0.0,1044.0,12688.0,12204,242.0,98914.0,1.26,63.0,4.0,1918,1887,11,10,24,10,20,21.0,22.0,5.0,0.0,15.0,44.0,1.17,1.16,1.2,25.81,6.67,-100.0,5.56,-0.19,6.13
219.0,2020-10-27,39.0,13,5,21.0,31,255,101,0.0,796.0,12727.0,12235,242.0,99710.0,1.0,63.0,5.0,1918,1716,11,10,24,10,20,18.0,22.0,6.0,0.0,15.0,44.0,1.11,1.11,1.16,0.0,-3.12,0.0,3.24,-23.75,-9.06
220.0,2020-10-28,34.0,24,10,0.0,35,254,105,0.0,714.0,12761.0,12270,242.0,100424.0,0.87,63.0,5.0,1918,1808,11,10,24,10,19,17.0,22.0,7.0,0.0,14.0,44.0,1.13,1.1,1.33,-12.82,12.9,0.0,-0.39,-10.3,5.36
221.0,2020-10-29,27.0,13,11,3.0,30,268,102,1.0,694.0,12806.0,12300,243.0,101118.0,0.79,63.0,4.0,2044,1898,11,9,24,10,19,19.0,22.0,6.0,0.0,14.0,44.0,1.07,1.04,1.3,-20.59,-14.29,0.0,5.51,-2.8,4.98
222.0,2020-10-30,46.0,16,27,3.0,18,296,99,0.0,946.0,12852.0,12318,243.0,102064.0,1.7,63.0,5.0,2044,1828,11,9,24,9,18,14.0,22.0,7.0,0.0,12.0,44.0,1.05,1.02,1.38,70.37,-40.0,-100.0,10.45,36.31,-3.69
223.0,2020-10-31,56.0,36,17,3.0,29,318,91,1.0,1752.0,12907.0,12347,244.0,103816.0,1.22,64.0,3.0,2143,1814,12,9,24,9,17,,,,,,,0.96,0.93,1.42,21.74,61.11,0.0,7.43,85.2,-0.77
224.0,2020-11-01,27.0,8,19,0.0,46,303,73,0.0,906.0,12938.0,12393,244.0,104722.0,0.48,64.0,3.0,2282,1841,13,8,24,7,15,,,,,,,0.96,0.92,1.51,-51.79,58.62,-100.0,-4.72,-48.29,1.49
225.0,2020-11-02,32.0,16,14,2.0,29,308,70,1.0,1263.0,12973.0,12422,245.0,105985.0,1.19,64.0,3.0,2282,1775,13,8,24,7,15,,,,,,,0.95,0.9,1.47,18.52,-36.96,0.0,1.65,39.4,-3.59
226.0,2020-11-03,7.0,1,6,0.0,40,278,64,0.0,434.0,12983.0,12462,245.0,106419.0,0.22,64.0,2.0,1941,1877,13,8,24,7,15,,,,,,,1.03,0.96,1.73,-78.12,37.93,-100.0,-9.74,-65.64,5.75
227.0,2020-11-04,25.0,9,16,0.0,28,276,66,0.0,439.0,13009.0,12490,245.0,106858.0,3.57,64.0,6.0,2058,1985,14,8,24,8,16,,,,,,,1.03,0.98,1.65,257.14,-30.0,0.0,-0.72,1.15,5.75
228.0,2020-11-05,37.0,15,18,4.0,65,248,64,0.0,898.0,13046.0,12555,245.0,107756.0,1.48,64.0,4.0,2138,1994,14,8,24,9,17,,,,,,,1.11,1.02,1.81,48.0,132.14,0.0,-10.14,104.56,0.45
229.0,2020-11-06,54.0,42,8,4.0,28,275,61,0.0,1083.0,13101.0,12583,245.0,108839.0,1.46,64.0,5.0,2116,1371,14,8,24,5,17,,,,,,,1.13,1.06,1.64,45.95,-56.92,0.0,10.89,20.6,-31.24
230.0,2020-11-07,35.0,21,13,1.0,42,289,69,0.0,938.0,13157.0,12625,245.0,109777.0,0.65,64.0,4.0,2107,1249,14,12,24,5,17,,,,,,,1.13,1.07,1.53,-35.19,50.0,0.0,5.09,-13.39,-8.9
231.0,2020-11-08,43.0,29,14,0.0,29,307,83,0.0,1082.0,13204.0,12654,245.0,110859.0,1.23,64.0,4.0,2107,1163,14,12,24,6,18,,,,,,,1.11,1.06,1.41,22.86,-30.95,0.0,6.23,15.35,-6.89
232.0,2020-11-09,43.0,29,13,1.0,53,299,78,0.0,1335.0,13249.0,12707,245.0,112194.0,1.0,64.0,3.0,1977,1598,13,12,24,6,18,,,,,,,1.14,1.06,1.55,0.0,82.76,0.0,-2.61,23.38,37.4
233.0,2020-11-10,47.0,33,13,1.0,10,280,80,0.0,1070.0,13240.0,12717,245.0,113264.0,1.09,64.0,4.0,2077,1652,13,12,24,8,20,,,,,,,1.05,1.01,1.28,9.3,-81.13,0.0,-6.35,-19.85,3.38
234.0,2020-11-11,27.0,13,13,1.0,29,277,71,0.0,423.0,13266.0,12746,245.0,113687.0,0.57,64.0,6.0,2007,1639,13,12,24,8,20,,,,,,,1.01,0.97,1.18,-42.55,190.0,0.0,-1.07,-60.47,-0.79
235.0,2020-11-12,52.0,34,16,2.0,18,311,83,0.0,794.0,13318.0,12764,245.0,114481.0,1.93,64.0,7.0,2100,1594,14,12,24,7,19,,,,,,,0.94,0.93,0.96,92.59,-37.93,0.0,12.27,87.71,-2.75
236.0,2020-11-13,45.0,21,22,2.0,23,333,99,1.0,892.0,13365.0,12787,246.0,115373.0,0.87,64.0,5.0,2036,1592,14,12,24,6,18,,,,,,,0.91,0.91,0.96,-13.46,27.78,0.0,7.07,12.34,-0.13
237.0,2020-11-14,26.0,11,14,1.0,40,318,97,0.0,995.0,13390.0,12827,246.0,116368.0,0.58,64.0,3.0,2036,1537,14,12,24,8,19,,,,,,,0.9,0.9,0.91,-42.22,73.91,-100.0,-4.5,11.55,-3.45
238.0,2020-11-15,29.0,12,17,0.0,54,293,98,0.0,1023.0,13419.0,12881,246.0,117391.0,1.12,64.0,3.0,2024,1421,14,11,24,8,19,,,,,,,0.91,0.92,0.85,11.54,35.0,0.0,-7.86,2.81,-7.55
239.0,2020-11-16,6.0,3,3,0.0,38,259,94,1.0,504.0,13425.0,12919,247.0,117895.0,0.21,65.0,1.0,2028,1645,14,11,24,8,19,,,,,,,0.85,0.91,0.63,-79.31,-29.63,0.0,-11.6,-50.73,15.76
240.0,2020-11-17,52.0,33,15,4.0,56,255,83,0.0,1812.0,13477.0,12975,247.0,119707.0,8.67,65.0,3.0,1937,1444,13,11,24,8,19,,,,,,,0.89,0.96,0.63,766.67,47.37,-100.0,-1.54,259.52,-12.22
241.0,2020-11-18,28.0,5,23,0.0,45,238,76,0.0,640.0,13505.0,13020,247.0,120347.0,0.54,65.0,4.0,1991,1557,13,11,24,8,18,,,,,,,0.89,0.97,0.57,-46.15,-19.64,0.0,-6.67,-64.68,7.83
242.0,2020-11-19,27.0,16,10,1.0,22,242,81,1.0,1019.0,13532.0,13042,248.0,121366.0,0.96,65.0,3.0,1989,1659,13,10,24,7,17,,,,,,,0.92,1.0,0.58,-3.57,-51.11,0.0,1.68,59.22,6.55
243.0,2020-11-20,38.0,22,16,0.0,19,261,80,0.0,1207.0,13570.0,13061,248.0,122573.0,1.41,65.0,3.0,1989,1685,13,10,24,7,17,,,,,,,0.92,1.01,0.53,40.74,-13.64,-100.0,7.85,18.45,1.57
244.0,2020-11-21,27.0,11,16,0.0,63,223,81,1.0,1054.0,13596.0,13124,249.0,123627.0,0.71,65.0,3.0,1968,1464,13,10,24,7,17,,,,,,,0.95,1.04,0.54,-28.95,231.58,0.0,-14.56,-12.68,-13.12
245.0,2020-11-22,21.0,14,5,2.0,29,214,77,1.0,976.0,13617.0,13153,250.0,124603.0,0.78,65.0,2.0,2006,1653,13,10,24,7,17,,,,,,,0.96,1.03,0.57,-22.22,-53.97,0.0,-4.04,-7.4,12.91
246.0,2020-11-23,29.0,15,13,1.0,26,216,64,1.0,1338.0,13646.0,13179,251.0,125941.0,1.38,66.0,2.0,2004,1736,13,10,24,7,17,,,,,,,1.06,1.11,0.61,38.1,-10.34,0.0,0.93,37.09,5.02
247.0,2020-11-24,11.0,3,8,0.0,31,196,59,0.0,849.0,13657.0,13210,251.0,126790.0,0.38,66.0,1.0,1970,1355,13,10,24,7,17,,,,,,,1.04,1.08,0.67,-62.07,19.23,-100.0,-9.26,-36.55,-21.95
248.0,2020-11-25,34.0,9,25,0.0,35,195,75,0.0,778.0,13691.0,13245,251.0,127568.0,3.09,66.0,4.0,1964,1409,13,10,24,7,17,,,,,,,1.08,1.11,0.77,209.09,12.9,0.0,-0.51,-8.36,3.99
249.0,2020-11-26,55.0,37,18,0.0,17,230,74,2.0,1209.0,13746.0,13262,253.0,128777.0,1.62,66.0,5.0,1964,1430,13,10,24,9,19,,,,,,,1.05,1.07,0.84,61.76,-51.43,0.0,17.95,55.4,1.49
250.0,2020-11-27,47.0,19,27,1.0,21,256,86,0.0,906.0,13793.0,13283,253.0,129683.0,0.85,66.0,5.0,1921,1503,13,10,24,6,16,,,,,,,1.06,1.06,0.96,-14.55,23.53,-100.0,11.3,-25.06,5.1
251.0,2020-11-28,38.0,24,13,1.0,30,262,87,2.0,707.0,13831.0,13313,255.0,130390.0,0.81,67.0,5.0,1921,1402,13,10,24,6,16,,,,,,,1.05,1.05,0.98,-19.15,42.86,0.0,2.34,-21.96,-6.72
252.0,2020-11-29,17.0,4,13,0.0,42,235,101,2.0,747.0,13848.0,13355,257.0,131137.0,0.45,67.0,2.0,1893,1357,13,10,24,6,16,,,,,,,1.06,1.06,1.06,-55.26,40.0,0.0,-10.31,5.66,-3.21
253.0,2020-11-30,28.0,13,14,1.0,20,242,100,1.0,1856.0,13876.0,13375,258.0,132993.0,1.65,67.0,2.0,1915,1465,13,10,24,6,16,,,,,,,1.01,1.01,1.11,64.71,-52.38,-50.0,2.98,148.46,7.96
254.0,2020-12-01,35.0,14,20,1.0,35,242,102,0.0,1101.0,13911.0,13410,258.0,134094.0,1.25,67.0,3.0,1915,1330,13,10,24,6,16,,,,,,,1.06,1.06,1.26,25.0,75.0,-100.0,0.0,-40.68,-9.22
255.0,2020-12-02,8.0,2,6,0.0,25,225,102,0.0,355.0,13919.0,13435,258.0,134449.0,0.23,67.0,2.0,1985,1398,13,10,24,8,18,,,,,,,1.1,1.07,1.47,-77.14,-28.57,0.0,-7.02,-67.76,5.11
256.0,2020-12-03,21.0,8,13,0.0,18,229,98,1.0,795.0,13942.0,13453,259.0,135244.0,2.62,68.0,3.0,1995,1591,13,10,24,10,20,,,,,,,1.13,1.11,1.47,162.5,-28.0,0.0,1.78,123.94,13.81
257.0,2020-12-04,46.0,27,19,0.0,19,256,105,0.0,861.0,13988.0,13472,259.0,136105.0,2.19,68.0,5.0,2021,1639,13,10,24,10,20,,,,,,,1.15,1.12,1.45,119.05,5.56,-100.0,11.79,8.3,3.02
258.0,2020-12-05,5.0,2,3,0.0,60,199,100,1.0,581.0,13993.0,13532,260.0,136686.0,0.11,68.0,1.0,1947,1303,13,10,24,7,17,,,,,,,1.15,1.13,1.4,-89.13,215.79,0.0,-22.27,-32.52,-20.5
259.0,2020-12-06,42.0,22,18,2.0,38,203,95,0.0,894.0,14035.0,13570,260.0,137580.0,8.4,68.0,5.0,1832,1399,13,10,24,7,17,,,,,,,1.16,1.14,1.35,740.0,-36.67,-100.0,2.01,53.87,7.37
260.0,2020-12-07,70.0,32,38,0.0,44,229,88,0.0,1667.0,14105.0,13614,260.0,139247.0,1.67,68.0,4.0,1832,1341,13,10,24,7,17,,,,,,,1.18,1.16,1.34,66.67,15.79,0.0,12.81,86.47,-4.15
261.0,2020-12-08,18.0,10,7,1.0,25,222,94,0.0,966.0,14123.0,13639,260.0,140213.0,0.26,68.0,2.0,1808,1152,13,10,24,7,17,,,,,,,1.13,1.14,1.19,-74.29,-43.18,0.0,-3.06,-42.05,-14.09
262.0,2020-12-09,27.0,10,16,1.0,28,221,83,0.0,659.0,14150.0,13667,260.0,140872.0,1.5,68.0,4.0,1808,1344,13,10,24,7,17,,,,,,,1.15,1.18,1.05,50.0,12.0,0.0,-0.45,-31.78,16.67
263.0,2020-12-10,34.0,20,14,0.0,24,229,84,1.0,1082.0,14184.0,13691,261.0,141954.0,1.26,68.0,3.0,1803,1288,13,10,24,7,17,,,,,,,1.18,1.23,0.99,25.93,-14.29,0.0,3.62,64.19,-4.17
264.0,2020-12-11,51.0,16,34,1.0,20,260,85,0.0,570.0,14235.0,13711,261.0,142524.0,1.5,68.0,9.0,1744,1360,13,10,24,9,19,,,,,,,1.22,1.28,0.95,50.0,-16.67,-100.0,13.54,-47.32,5.59
265.0,2020-12-12,2.0,2,0,0.0,39,223,84,2.0,167.0,14238.0,13750,263.0,142691.0,0.04,69.0,1.0,1814,1598,13,10,24,9,19,,,,,,,1.26,1.31,0.97,-96.08,95.0,0.0,-14.23,-70.7,17.5
266.0,2020-12-13,82.0,28,54,0.0,61,244,104,0.0,1731.0,14320.0,13811,263.0,144422.0,41.0,69.0,5.0,1875,1727,13,10,24,7,17,,,,,,,1.25,1.3,0.94,4000.0,56.41,-100.0,9.42,936.53,8.07
267.0,2020-12-14,51.0,24,27,0.0,47,246,105,2.0,1359.0,14371.0,13858,265.0,145781.0,0.62,69.0,4.0,1861,1720,13,10,24,8,18,,,,,,,1.27,1.32,0.92,-37.8,-22.95,0.0,0.82,-21.49,-0.41
268.0,2020-12-15,72.0,30,41,1.0,34,284,99,0.0,1796.0,14443.0,13892,265.0,147577.0,1.41,69.0,4.0,1676,1764,13,10,24,9,19,,,,,,,1.3,1.33,1.0,41.18,-27.66,-100.0,15.45,32.16,2.56
269.0,2020-12-16,76.0,25,51,0.0,38,322,119,0.0,1057.0,14519.0,13930,265.0,148634.0,1.06,69.0,7.0,1689,1648,13,10,24,9,19,,,,,,,1.29,1.31,0.99,5.56,11.76,0.0,13.38,-41.15,-6.58
270.0,2020-12-17,82.0,22,57,3.0,31,371,141,2.0,1207.0,14601.0,13961,267.0,149841.0,1.08,70.0,7.0,1726,1717,13,10,24,9,19,,,,,,,1.25,1.26,1.07,7.89,-18.42,0.0,15.22,14.19,4.19
271.0,2020-12-18,54.0,10,43,1.0,30,394,161,2.0,706.0,14656.0,13991,269.0,150547.0,0.66,70.0,8.0,1871,1689,13,10,24,10,20,,,,,,,1.24,1.25,1.08,-34.15,-3.23,0.0,6.2,-41.51,-1.63
272.0,2020-12-19,61.0,27,34,0.0,53,401,192,1.0,984.0,14717.0,14044,270.0,151531.0,1.13,71.0,6.0,2049,1661,13,10,24,11,21,,,,,,,1.23,1.24,1.06,12.96,76.67,-50.0,1.78,39.38,-1.66
273.0,2020-12-20,67.0,28,38,1.0,38,429,184,2.0,953.0,14784.0,14082,272.0,152484.0,1.1,71.0,7.0,2049,1590,13,10,24,12,22,,,,,,,1.22,1.24,1.05,9.84,-28.3,100.0,6.98,-3.15,-4.27
274.0,2020-12-21,64.0,18,46,0.0,61,432,196,0.0,1484.0,14848.0,14143,272.0,153968.0,0.96,71.0,4.0,2012,1301,13,10,24,12,22,,,,,,,1.23,1.24,1.06,-4.48,60.53,-100.0,0.7,55.72,-18.18
275.0,2020-12-22,94.0,39,55,0.0,63,463,197,0.0,1308.0,14942.0,14206,272.0,155276.0,1.47,71.0,7.0,2009,1398,13,10,24,11,21,,,,,,,1.2,1.22,1.0,46.88,3.28,0.0,7.18,-11.86,7.46
276.0,2020-12-23,64.0,5,59,0.0,63,464,203,0.0,685.0,15006.0,14269,272.0,155961.0,0.68,71.0,9.0,1992,1089,13,10,24,11,21,,,,,,,1.23,1.25,1.03,-31.91,0.0,0.0,0.22,-47.63,-22.1
277.0,2020-12-24,91.0,36,53,2.0,67,486,194,2.0,1247.0,15097.0,14336,274.0,157208.0,1.42,72.0,7.0,2006,929,13,10,24,15,22,,,,,,,1.21,1.24,0.97,42.19,6.35,0.0,4.74,82.04,-14.69
278.0,2020-12-25,93.0,24,67,2.0,48,532,204,0.0,1016.0,15191.0,14384,274.0,158224.0,1.02,72.0,9.0,1984,858,13,7,24,15,22,,,,,,,1.19,1.22,0.95,2.2,-28.36,-100.0,9.47,-18.52,-7.64
279.0,2020-12-26,97.0,34,60,3.0,81,547,182,0.0,1225.0,15287.0,14465,274.0,159449.0,1.04,72.0,8.0,1984,827,13,7,24,15,22,,,,,,,1.19,1.21,1.02,4.3,68.75,0.0,2.82,20.57,-3.61
280.0,2020-12-27,101.0,49,52,0.0,71,576,168,1.0,1146.0,15388.0,14536,275.0,160595.0,1.04,72.0,9.0,1984,820,13,7,24,15,22,,,,,,,1.17,1.18,1.04,4.12,-12.35,0.0,5.3,-6.45,-0.85
281.0,2020-12-28,64.0,9,54,1.0,83,557,149,0.0,466.0,15452.0,14619,275.0,161061.0,0.63,72.0,14.0,1984,704,13,7,24,14,21,,,,,,,1.25,1.26,1.13,-36.63,16.9,-100.0,-3.3,-59.34,-14.15
282.0,2020-12-29,78.0,12,66,0.0,68,567,137,0.0,1115.0,15530.0,14687,275.0,162176.0,1.22,72.0,7.0,1984,677,13,7,24,14,21,,,,,,,1.33,1.33,1.18,21.88,-18.07,0.0,1.8,139.27,-3.84
283.0,2020-12-30,124.0,17,104,3.0,81,612,168,0.0,645.0,15656.0,14768,275.0,162821.0,1.59,72.0,19.0,1984,629,13,7,31,20,28,,,,,,,1.31,1.3,1.27,58.97,19.12,0.0,7.94,-42.15,-7.09
284.0,2020-12-31,78.0,33,43,2.0,78,602,191,9.0,1120.0,15733.0,14846,284.0,163941.0,0.63,74.0,7.0,1969,605,13,8,31,20,28,,,,,,,1.31,1.3,1.23,-37.1,-3.7,0.0,-1.63,73.64,-3.82
285.0,2021-01-01,163.0,62,100,1.0,78,684,218,3.0,1110.0,15896.0,14924,287.0,165051.0,2.09,75.0,15.0,1969,586,13,8,31,20,28,,,,,,,1.31,1.3,1.32,108.97,0.0,-66.67,13.62,-0.89,-3.14
286.0,2021-01-02,110.0,54,55,1.0,108,684,227,2.0,947.0,16006.0,15032,289.0,165998.0,0.67,76.0,12.0,1933,623,12,8,31,19,27,,,,,,,1.29,1.28,1.24,-32.52,38.46,-33.33,0.0,-14.68,6.31
287.0,2021-01-03,102.0,48,54,0.0,79,706,228,1.0,1125.0,16108.0,15111,290.0,167123.0,0.93,76.0,9.0,1933,616,12,8,31,20,28,,,,,,,1.31,1.3,1.48,-7.27,-26.85,-50.0,3.22,18.8,-1.12
288.0,2021-01-04,103.0,33,69,1.0,126,683,229,0.0,834.0,16211.0,15237,290.0,167957.0,1.01,76.0,12.0,1933,613,12,8,31,20,28,,,,,,,1.32,1.31,1.48,0.98,59.49,-100.0,-3.26,-25.87,-0.49
289.0,2021-01-05,226.0,24,202,0.0,84,826,220,1.0,1320.0,16438.0,15321,291.0,169277.0,2.19,76.0,17.0,2493,562,12,8,31,16,24,,,,,,,1.3,1.29,1.57,119.42,-33.33,0.0,20.94,58.27,-8.32
290.0,2021-01-06,137.0,20,114,3.0,93,867,214,0.0,857.0,16573.0,15414,291.0,170134.0,0.61,76.0,16.0,1800,561,11,5,31,25,30,,,,,,,1.31,1.31,1.51,-39.38,10.71,-100.0,4.96,-35.08,-0.18
291.0,2021-01-07,128.0,57,71,0.0,89,905,257,5.0,951.0,16704.0,15503,296.0,171085.0,0.93,77.0,13.0,1800,646,11,19,34,13,32,,,,,,,1.32,1.29,1.74,-6.57,-4.3,0.0,4.38,10.97,15.15
292.0,2021-01-08,269.0,94,171,4.0,84,1088,284,2.0,2120.0,16973.0,15587,298.0,173205.0,2.1,78.0,13.0,1615,671,11,23,34,8,31,,,,,,,1.3,1.28,1.65,110.16,-5.62,-60.0,20.22,122.92,3.87
293.0,2021-01-09,182.0,75,107,0.0,182,1086,293,2.0,1394.0,17155.0,15769,300.0,174599.0,0.68,78.0,13.0,1615,794,11,24,34,8,32,,,,,,,1.26,1.24,1.56,-32.34,116.67,0.0,-0.18,-34.25,18.33
294.0,2021-01-10,184.0,86,97,1.0,179,1088,310,3.0,1506.0,17340.0,15948,303.0,176105.0,1.01,79.0,12.0,1615,859,11,24,34,5,29,,,,,,,1.18,1.17,1.4,1.1,-1.65,50.0,0.18,8.03,8.19
295.0,2021-01-11,173.0,67,104,2.0,160,1100,322,2.0,1280.0,17513.0,16108,305.0,177385.0,0.94,80.0,14.0,1615,847,11,23,35,8,31,,,,,,,1.14,1.13,1.34,-5.98,-10.61,-33.33,1.1,-15.01,-1.4
296.0,2021-01-12,202.0,93,100,9.0,136,1166,322,0.0,1997.0,17715.0,16244,305.0,179382.0,1.17,80.0,10.0,1615,853,11,26,34,8,34,,,,,,,1.1,1.09,1.28,16.76,-15.0,-100.0,6.0,56.02,0.71
297.0,2021-01-13,193.0,79,111,3.0,136,1222,325,0.0,1300.0,17907.0,16380,305.0,180682.0,0.96,80.0,15.0,1615,859,11,30,36,5,35,,,,,,,1.05,1.03,1.26,-4.46,0.0,0.0,4.8,-34.9,0.7
298.0,2021-01-14,280.0,91,188,1.0,124,1373,339,4.0,1452.0,18186.0,16504,309.0,182134.0,1.45,81.0,19.0,1615,969,11,31,40,9,40,,,,,,,1.01,1.01,1.1,45.08,-8.82,0.0,12.36,11.69,12.81
299.0,2021-01-15,240.0,46,194,0.0,176,1435,344,2.0,1268.0,18426.0,16680,311.0,183402.0,0.86,81.0,19.0,1615,1010,11,35,46,9,44,,,,,,,0.99,0.98,1.11,-14.29,41.94,-50.0,4.52,-12.67,4.23
300.0,2021-01-16,149.0,49,97,3.0,250,1330,337,3.0,1716.0,18573.0,16930,314.0,185118.0,0.62,82.0,9.0,1615,1137,11,39,46,7,46,,,,,,,0.98,0.98,1.14,-37.92,42.05,50.0,-7.32,35.33,12.57
301.0,2021-01-17,231.0,114,115,2.0,226,1330,328,1.0,1981.0,18804.0,17156,315.0,187099.0,1.55,82.0,12.0,1615,1127,11,38,46,5,43,,,,,,,0.98,0.97,1.14,55.03,-9.6,-66.67,0.0,15.44,-0.88
302.0,2021-01-18,200.0,113,87,0.0,247,1281,301,4.0,2172.0,19003.0,17403,319.0,189271.0,0.87,83.0,9.0,1615,1168,11,36,46,8,44,,,,,,,0.95,0.93,1.25,-13.42,9.29,300.0,-3.68,9.64,3.64
303.0,2021-01-19,176.0,32,143,1.0,223,1233,271,0.0,1301.0,19178.0,17626,319.0,190572.0,0.88,83.0,14.0,1615,1195,11,36,46,8,44,,,,,,,0.95,0.93,1.22,-12.0,-9.72,-100.0,-3.75,-40.1,2.31
304.0,2021-01-20,240.0,97,142,1.0,219,1253,280,0.0,2229.0,19418.0,17845,319.0,192801.0,1.36,83.0,11.0,1615,1216,11,37,51,10,47,,,,,,,0.95,0.94,1.17,36.36,-1.79,0.0,1.62,71.33,1.76
305.0,2021-01-21,220.0,92,126,2.0,168,1293,300,6.0,1748.0,19633.0,18013,325.0,194549.0,0.92,85.0,13.0,1615,1258,11,42,50,5,47,,,,,,,0.95,0.94,1.13,-8.33,-23.29,0.0,3.19,-21.58,3.45
306.0,2021-01-22,156.0,73,83,0.0,143,1301,308,5.0,1375.0,19789.0,18156,330.0,195924.0,0.71,86.0,11.0,1615,1314,11,39,50,9,48,,,,,,,0.97,0.96,1.08,-29.09,-14.88,-16.67,0.62,-21.34,4.45
307.0,2021-01-23,160.0,52,108,0.0,255,1205,304,2.0,1618.0,19950.0,18411,332.0,197542.0,1.03,87.0,10.0,1615,1218,11,44,56,2,46,,,,,,,0.96,0.95,1.07,2.56,78.32,-60.0,-7.38,17.67,-7.31
308.0,2021-01-24,174.0,86,86,2.0,199,1175,302,4.0,1796.0,20123.0,18610,336.0,199338.0,1.09,88.0,10.0,1615,1101,11,44,54,5,49,,,,,,,0.95,0.94,1.03,8.75,-21.96,100.0,-2.49,11.0,-9.61
309.0,2021-01-25,153.0,72,80,1.0,198,1128,282,2.0,1207.0,20276.0,18808,338.0,200545.0,0.88,88.0,13.0,1615,1358,11,43,56,9,52,,,,,,,0.95,0.94,0.94,-12.07,-0.5,-50.0,-4.0,-32.8,23.34
310.0,2021-01-26,119.0,52,67,0.0,197,1050,259,0.0,953.0,20395.0,19005,338.0,201498.0,0.78,88.0,12.0,1925,1700,11,50,56,2,52,,,,,,,0.93,0.93,0.9,-22.22,-0.51,-100.0,-6.91,-21.04,25.18
311.0,2021-01-27,196.0,79,117,0.0,175,1071,274,0.0,1205.0,20591.0,19180,338.0,202703.0,1.65,88.0,16.0,1925,1789,11,53,57,0,53,,,,,,,0.92,0.92,0.86,64.71,-11.17,0.0,2.0,26.44,5.24
312.0,2021-01-28,127.0,62,64,1.0,146,1043,278,8.0,989.0,20718.0,19326,346.0,203692.0,0.65,90.0,13.0,1925,1921,11,49,57,4,53,,,,,,,0.89,0.89,0.86,-35.2,-16.57,0.0,-2.61,-17.93,7.38
313.0,2021-01-29,190.0,81,107,2.0,107,1120,291,6.0,1791.0,20908.0,19433,352.0,205483.0,1.5,92.0,11.0,1975,1935,11,51,57,2,53,,,,,,,0.87,0.87,0.84,49.61,-26.71,-25.0,7.38,81.09,0.73
314.0,2021-01-30,120.0,63,57,0.0,188,1056,300,1.0,1282.0,21033.0,19621,353.0,206765.0,0.63,92.0,9.0,1975,1884,11,52,56,2,54,,,,,,,0.86,0.87,0.79,-36.84,75.7,-83.33,-5.71,-28.42,-2.64
315.0,2021-01-31,136.0,71,62,3.0,183,1008,307,1.0,1195.0,21169.0,19804,354.0,207960.0,1.13,92.0,11.0,2123,2223,11,54,57,0,54,,,,,,,0.88,0.89,0.78,13.33,-2.66,0.0,-4.55,-6.79,17.99
316.0,2021-02-01,84.0,44,40,0.0,159,930,282,3.0,1531.0,21253.0,19963,357.0,209491.0,0.62,93.0,5.0,2198,2296,11,55,57,0,55,,,,,,,0.88,0.9,0.77,-38.24,-13.11,200.0,-7.74,28.12,3.28
317.0,2021-02-02,379.0,123,251,5.0,304,1004,265,0.0,2996.0,21631.0,20267,357.0,212487.0,4.51,93.0,13.0,2288,2304,11,53,55,1,54,,,,,,,0.9,0.91,0.81,351.19,91.19,-100.0,7.96,95.69,0.35
318.0,2021-02-03,152.0,57,93,2.0,192,964,285,-1.0,1149.0,21783.0,20459,356.0,213636.0,0.4,93.0,13.0,2077,1963,11,53,55,2,55,,,,,,,0.92,0.91,1.07,-59.89,-36.84,0.0,-3.98,-61.65,-14.8
319.0,2021-02-04,160.0,69,87,4.0,151,961,298,11.0,1596.0,21943.0,20610,367.0,215232.0,1.05,96.0,10.0,2107,1974,11,49,55,2,51,,,,,,,0.95,0.94,1.09,5.26,-21.35,-1200.0,-0.31,38.9,0.56
320.0,2021-02-05,119.0,53,66,0.0,88,993,299,1.0,1267.0,22064.0,20698,368.0,216499.0,0.74,96.0,9.0,2107,2228,11,48,55,2,50,,,,,,,0.98,0.95,1.22,-25.62,-41.72,-90.91,3.33,-20.61,12.87
321.0,2021-02-06,133.0,44,86,3.0,203,919,278,4.0,1710.0,22197.0,20901,372.0,218209.0,1.12,97.0,8.0,2136,2337,11,49,55,4,53,,,,,,,1.0,0.97,1.24,11.76,130.68,300.0,-7.45,34.96,4.89
322.0,2021-02-07,108.0,43,64,1.0,160,864,246,4.0,1260.0,22305.0,21061,376.0,219469.0,0.81,98.0,9.0,2136,2555,11,51,55,4,55,,,,,,,,,,-18.8,-21.18,0.0,-5.98,-26.32,9.33
323.0,2021-02-08,133.0,60,69,4.0,150,845,216,3.0,1757.0,22438.0,21211,379.0,221226.0,1.23,99.0,8.0,2263,2778,11,49,55,3,52,,,,,,,,,,23.15,-6.25,-25.0,-2.2,39.44,8.73
324.0,2021-02-09,114.0,43,64,7.0,130,829,195,0.0,1374.0,22552.0,21341,379.0,222600.0,0.86,99.0,8.0,2262,2566,11,51,,,,,,,,,,,,,-14.29,-13.33,-100.0,-1.89,-21.8,-7.63
325.0,2021-02-10,100.0,21,77,2.0,134,794,204,0.0,472.0,22651.0,21475,379.0,223072.0,0.88,99.0,21.0,2343,2438,12,46,,,,,,,,,,,,,-12.28,3.08,0.0,-4.22,-65.65,-4.99
